# Blender 3.6.5
# www.blender.org
mtllib sur_d2b.mtl
o WHEEL_DRIVER_2
v -2.125000 0.375000 0.375000
v -1.750000 0.000000 0.375000
v -1.750000 1.500000 0.375000
v -2.125000 1.125000 0.375000
v -1.750000 -0.062500 0.250000
v -2.187500 0.375000 0.250000
v -2.187500 1.125000 0.250000
v -1.750000 1.562500 0.250000
v -1.000000 0.000000 0.375000
v -0.625000 0.375000 0.375000
v -0.625000 1.125000 0.375000
v -1.000000 1.500000 0.375000
v -0.562500 0.375000 0.250000
v -1.000000 -0.062500 0.250000
v -1.000000 1.562500 0.250000
v -0.562500 1.125000 0.250000
v -2.125000 0.375000 0.312500
v -1.750000 0.000000 0.312500
v -2.125000 1.125000 0.312500
v -1.750000 1.500000 0.312500
v -0.625000 0.375000 0.312500
v -1.000000 0.000000 0.312500
v -0.625000 1.125000 0.312500
v -1.000000 1.500000 0.312500
v -1.687500 1.375000 0.375000
v -1.062500 1.375000 0.375000
v -0.750000 0.437500 0.375000
v -0.750000 1.062500 0.375000
v -1.687500 0.125000 0.375000
v -1.062500 0.125000 0.375000
v -2.000000 0.437500 0.375000
v -2.000000 1.062500 0.375000
v -1.687500 0.125000 0.250000
v -1.062500 0.125000 0.250000
v -1.687500 1.375000 0.250000
v -1.062500 1.375000 0.250000
v -0.750000 0.437500 0.250000
v -0.750000 1.062500 0.250000
v -2.000000 0.437500 0.250000
v -2.000000 1.062500 0.250000
v -1.437500 0.125000 0.312500
v -1.437500 1.375000 0.312500
v -1.437500 0.125000 0.281250
v -1.437500 1.375000 0.281250
v -1.312500 0.125000 0.312500
v -1.312500 1.375000 0.312500
v -1.312500 0.125000 0.281250
v -1.312500 1.375000 0.281250
v -1.375000 0.125000 0.250000
v -1.375000 1.375000 0.250000
v -1.375000 0.125000 0.343750
v -1.375000 1.375000 0.343750
v -2.000000 0.812500 0.312500
v -0.750000 0.812500 0.312500
v -2.000000 0.812500 0.281250
v -0.750000 0.812500 0.281250
v -2.000000 0.687500 0.312500
v -0.750000 0.687500 0.312500
v -2.000000 0.687500 0.281250
v -0.750000 0.687500 0.281250
v -2.000000 0.750000 0.250000
v -0.750000 0.750000 0.250000
v -2.000000 0.750000 0.343750
v -0.750000 0.750000 0.343750
v -1.816942 1.280330 0.312500
v -0.844670 0.308058 0.312500
v -1.816942 1.280330 0.281250
v -0.844670 0.308058 0.281250
v -1.905330 1.191942 0.312500
v -0.933058 0.219670 0.312500
v -1.905330 1.191942 0.281250
v -0.933058 0.219670 0.281250
v -1.861136 1.236136 0.250000
v -0.888864 0.263864 0.250000
v -1.861136 1.236136 0.343750
v -0.888864 0.263864 0.343750
v -0.844670 1.191942 0.312500
v -1.816942 0.219670 0.312500
v -0.844670 1.191942 0.281250
v -1.816942 0.219670 0.281250
v -0.933058 1.280330 0.312500
v -1.905330 0.308058 0.312500
v -0.933058 1.280330 0.281250
v -1.905330 0.308058 0.281250
v -0.888864 1.236136 0.250000
v -1.861136 0.263864 0.250000
v -0.888864 1.236136 0.343750
v -1.861136 0.263864 0.343750
v -1.500000 0.687500 0.812500
v -1.437500 0.625000 0.812500
v -1.437500 0.875000 0.812500
v -1.500000 0.812500 0.812500
v -1.312500 0.625000 0.812500
v -1.250000 0.687500 0.812500
v -1.250000 0.812500 0.812500
v -1.312500 0.875000 0.812500
v -1.500000 0.625000 0.937500
v -1.562500 1.250000 0.937500
v -1.500000 0.625000 0.812500
v -1.562500 1.250000 0.812500
v -1.250000 0.625000 0.937500
v -1.187500 1.250000 0.937500
v -1.250000 0.625000 0.812500
v -1.187500 1.250000 0.812500
v -1.375000 1.312500 0.812500
v -1.375000 1.312500 0.937500
v -1.406250 1.156250 1.031250
v -1.406250 1.218750 1.031250
v -1.406250 1.156250 0.906250
v -1.406250 1.218750 0.906250
v -1.343750 1.156250 1.031250
v -1.343750 1.218750 1.031250
v -1.343750 1.156250 0.906250
v -1.343750 1.218750 0.906250
v -1.750000 0.000000 -0.375000
v -2.125000 0.375000 -0.375000
v -0.625000 0.375000 -0.375000
v -1.000000 0.000000 -0.375000
v -2.187500 0.375000 -0.250000
v -1.750000 -0.062500 -0.250000
v -1.000000 -0.062500 -0.250000
v -0.562500 0.375000 -0.250000
v -2.125000 1.125000 -0.375000
v -1.750000 1.500000 -0.375000
v -1.000000 1.500000 -0.375000
v -0.625000 1.125000 -0.375000
v -1.750000 1.562500 -0.250000
v -2.187500 1.125000 -0.250000
v -0.562500 1.125000 -0.250000
v -1.000000 1.562500 -0.250000
v -1.750000 0.000000 -0.312500
v -2.125000 0.375000 -0.312500
v -1.000000 0.000000 -0.312500
v -0.625000 0.375000 -0.312500
v -1.750000 1.500000 -0.312500
v -2.125000 1.125000 -0.312500
v -1.000000 1.500000 -0.312500
v -0.625000 1.125000 -0.312500
v -0.750000 0.437500 -0.375000
v -0.750000 1.062500 -0.375000
v -1.687500 1.375000 -0.375000
v -1.062500 1.375000 -0.375000
v -2.000000 0.437500 -0.375000
v -2.000000 1.062500 -0.375000
v -1.687500 0.125000 -0.375000
v -1.062500 0.125000 -0.375000
v -2.000000 0.437500 -0.250000
v -2.000000 1.062500 -0.250000
v -0.750000 0.437500 -0.250000
v -0.750000 1.062500 -0.250000
v -1.687500 1.375000 -0.250000
v -1.062500 1.375000 -0.250000
v -1.687500 0.125000 -0.250000
v -1.062500 0.125000 -0.250000
v -2.000000 0.687500 -0.312500
v -0.750000 0.687500 -0.312500
v -2.000000 0.687500 -0.281250
v -0.750000 0.687500 -0.281250
v -2.000000 0.812500 -0.312500
v -0.750000 0.812500 -0.312500
v -2.000000 0.812500 -0.281250
v -0.750000 0.812500 -0.281250
v -2.000000 0.750000 -0.250000
v -0.750000 0.750000 -0.250000
v -2.000000 0.750000 -0.343750
v -0.750000 0.750000 -0.343750
v -1.312500 0.125000 -0.312500
v -1.312500 1.375000 -0.312500
v -1.312500 0.125000 -0.281250
v -1.312500 1.375000 -0.281250
v -1.437500 0.125000 -0.312500
v -1.437500 1.375000 -0.312500
v -1.437500 0.125000 -0.281250
v -1.437500 1.375000 -0.281250
v -1.375000 0.125000 -0.250000
v -1.375000 1.375000 -0.250000
v -1.375000 0.125000 -0.343750
v -1.375000 1.375000 -0.343750
v -0.844670 0.308058 -0.312500
v -1.816942 1.280330 -0.312500
v -0.844670 0.308058 -0.281250
v -1.816942 1.280330 -0.281250
v -0.933058 0.219670 -0.312500
v -1.905330 1.191942 -0.312500
v -0.933058 0.219670 -0.281250
v -1.905330 1.191942 -0.281250
v -0.888864 0.263864 -0.250000
v -1.861136 1.236136 -0.250000
v -0.888864 0.263864 -0.343750
v -1.861136 1.236136 -0.343750
v -0.933058 1.280330 -0.312500
v -1.905330 0.308058 -0.312500
v -0.933058 1.280330 -0.281250
v -1.905330 0.308058 -0.281250
v -0.844670 1.191942 -0.312500
v -1.816942 0.219670 -0.312500
v -0.844670 1.191942 -0.281250
v -1.816942 0.219670 -0.281250
v -0.888864 1.236136 -0.250000
v -1.861136 0.263864 -0.250000
v -0.888864 1.236136 -0.343750
v -1.861136 0.263864 -0.343750
v -1.437500 0.625000 -0.812500
v -1.500000 0.687500 -0.812500
v -1.250000 0.687500 -0.812500
v -1.312500 0.625000 -0.812500
v -1.500000 0.812500 -0.812500
v -1.437500 0.875000 -0.812500
v -1.312500 0.875000 -0.812500
v -1.250000 0.812500 -0.812500
v -1.500000 0.625000 -0.937500
v -0.875000 0.562500 -0.937500
v -1.500000 0.625000 -0.812500
v -0.875000 0.562500 -0.812500
v -1.500000 0.875000 -0.937500
v -0.875000 0.937500 -0.937500
v -1.500000 0.875000 -0.812500
v -0.875000 0.937500 -0.812500
v -0.812500 0.750000 -0.812500
v -0.812500 0.750000 -0.937500
v -0.968750 0.718750 -1.031250
v -0.906250 0.718750 -1.031250
v -0.968750 0.718750 -0.906250
v -0.906250 0.718750 -0.906250
v -0.968750 0.781250 -1.031250
v -0.906250 0.781250 -1.031250
v -0.968750 0.781250 -0.906250
v -0.906250 0.781250 -0.906250
vn 0.2418 0.6861 0.6861
vn -0.2418 0.6861 0.6861
vn -0.3458 0.6635 0.6635
vn 0.3458 0.6635 0.6635
vn -0.2418 -0.6861 0.6861
vn 0.2418 -0.6861 0.6861
vn 0.3458 -0.6635 0.6635
vn -0.3458 -0.6635 0.6635
vn 0.6861 -0.2418 0.6861
vn 0.6861 0.2418 0.6861
vn 0.6635 0.3458 0.6635
vn 0.6635 -0.3458 0.6635
vn -0.3827 -0.9239 -0.0000
vn 0.3827 -0.9239 -0.0000
vn 0.3827 0.9239 -0.0000
vn -0.3827 0.9239 -0.0000
vn -0.0000 -0.0000 1.0000
vn 0.9239 -0.3827 -0.0000
vn 0.9239 0.3827 -0.0000
vn -0.6635 -0.3458 0.6635
vn -0.6635 0.3458 0.6635
vn -0.6861 0.2418 0.6861
vn -0.6861 -0.2418 0.6861
vn -0.9239 -0.3827 -0.0000
vn -0.9239 0.3827 -0.0000
vn -0.0000 -0.0000 -1.0000
vn -1.0000 -0.0000 -0.0000
vn 0.4472 -0.0000 -0.8944
vn 1.0000 -0.0000 -0.0000
vn -0.4472 -0.0000 0.8944
vn 0.4472 -0.0000 0.8944
vn -0.4472 -0.0000 -0.8944
vn -0.0000 1.0000 -0.0000
vn -0.0000 -0.4472 -0.8944
vn -0.0000 -1.0000 -0.0000
vn -0.0000 0.4472 0.8944
vn -0.0000 -0.4472 0.8944
vn -0.0000 0.4472 -0.8944
vn 0.7071 0.7071 -0.0000
vn -0.3162 -0.3162 -0.8944
vn -0.7071 -0.7071 -0.0000
vn 0.3162 0.3162 0.8944
vn -0.3162 -0.3162 0.8944
vn 0.3162 0.3162 -0.8944
vn 0.7071 -0.7071 -0.0000
vn -0.3162 0.3162 -0.8944
vn -0.7071 0.7071 -0.0000
vn 0.3162 -0.3162 0.8944
vn -0.3162 0.3162 0.8944
vn 0.3162 -0.3162 -0.8944
vn 0.3162 0.9487 -0.0000
vn -0.9950 -0.0995 -0.0000
vn 0.9950 -0.0995 -0.0000
vn -0.3162 0.9487 -0.0000
vn 0.6861 0.2418 -0.6861
vn 0.6861 -0.2418 -0.6861
vn 0.6635 -0.3458 -0.6635
vn 0.6635 0.3458 -0.6635
vn -0.6861 -0.2418 -0.6861
vn -0.6861 0.2418 -0.6861
vn -0.6635 0.3458 -0.6635
vn -0.6635 -0.3458 -0.6635
vn -0.2418 0.6861 -0.6861
vn 0.2418 0.6861 -0.6861
vn 0.3458 0.6635 -0.6635
vn -0.3458 0.6635 -0.6635
vn -0.3458 -0.6635 -0.6635
vn 0.3458 -0.6635 -0.6635
vn 0.2418 -0.6861 -0.6861
vn -0.2418 -0.6861 -0.6861
vn 0.9487 0.3162 -0.0000
vn -0.0995 -0.9950 -0.0000
vn -0.0995 0.9950 -0.0000
vn 0.9487 -0.3162 -0.0000
vt 0.890625 1.000000
vt 0.703125 1.000000
vt 0.703125 0.984375
vt 0.890625 0.984375
vt 0.703125 0.593750
vt 0.890625 0.593750
vt 0.890625 0.609375
vt 0.703125 0.609375
vt 1.000000 0.703125
vt 1.000000 0.890625
vt 0.984375 0.890625
vt 0.984375 0.703125
vt 0.703125 0.593750
vt 0.890625 0.593750
vt 0.890625 0.609375
vt 0.703125 0.609375
vt 0.703125 0.984375
vt 0.578125 0.703125
vt 0.578125 0.890625
vt 0.546875 0.875000
vt 0.546875 0.718750
vt 1.000000 0.703125
vt 1.000000 0.890625
vt 0.984375 0.890625
vt 0.984375 0.703125
vt 0.609375 0.703125
vt 0.609375 0.890625
vt 0.593750 0.890625
vt 0.593750 0.703125
vt 0.484375 0.984375
vt 0.296875 0.984375
vt 0.312500 0.953125
vt 0.468750 0.953125
vt 0.609375 0.703125
vt 0.593750 0.703125
vt 0.296875 0.609375
vt 0.484375 0.609375
vt 0.468750 0.640625
vt 0.312500 0.640625
vt 0.203125 0.890625
vt 0.203125 0.703125
vt 0.234375 0.718750
vt 0.234375 0.875000
vt 0.296875 0.187500
vt 0.484375 0.187500
vt 0.468750 0.234375
vt 0.312500 0.234375
vt 0.484375 0.593750
vt 0.296875 0.593750
vt 0.312500 0.546875
vt 0.468750 0.546875
vt 0.187500 0.484375
vt 0.187500 0.296875
vt 0.234375 0.312500
vt 0.234375 0.468750
vt 0.593750 0.296875
vt 0.593750 0.484375
vt 0.546875 0.468750
vt 0.546875 0.312500
vt 0.468750 0.218750
vt 0.312500 0.218750
vt 0.468750 0.234375
vt 0.234375 0.312500
vt 0.218750 0.312500
vt 0.218750 0.468750
vt 0.234375 0.468750
vt 0.312500 0.546875
vt 0.312500 0.562500
vt 0.468750 0.562500
vt 0.468750 0.546875
vt 0.562500 0.468750
vt 0.562500 0.312500
vt 1.000000 0.343750
vt 0.687500 0.343750
vt 0.687500 0.359375
vt 1.000000 0.359375
vt 0.687500 0.468750
vt 1.000000 0.468750
vt 1.000000 0.453125
vt 0.687500 0.453125
vt 1.000000 0.484375
vt 0.687500 0.484375
vt 0.687500 0.421875
vt 1.000000 0.421875
vt 1.000000 0.406250
vt 0.687500 0.406250
vt 1.000000 0.437500
vt 0.687500 0.437500
vt 0.656250 0.375000
vt 1.000000 0.375000
vt 1.000000 0.390625
vt 0.656250 0.390625
vt 0.656250 0.562500
vt 1.000000 0.562500
vt 1.000000 0.546875
vt 0.656250 0.546875
vt 1.000000 0.578125
vt 0.656250 0.578125
vt 1.000000 0.515625
vt 0.656250 0.515625
vt 0.656250 0.531250
vt 1.000000 0.531250
vt 0.656250 0.500000
vt 1.000000 0.500000
vt 0.437500 0.468750
vt 0.390625 0.484375
vt 1.000000 0.156250
vt 1.000000 0.187500
vt 0.593750 0.187500
vt 0.593750 0.156250
vt 1.000000 0.062500
vt 0.593750 0.062500
vt 0.593750 0.046875
vt 1.000000 0.046875
vt 0.593750 0.000000
vt 1.000000 0.000000
vt 1.000000 0.015625
vt 0.593750 0.015625
vt 0.593750 0.140625
vt 1.000000 0.140625
vt 1.000000 0.046875
vt 0.593750 0.046875
vt 1.000000 0.109375
vt 1.000000 0.140625
vt 0.593750 0.140625
vt 0.593750 0.109375
vt 1.000000 0.093750
vt 0.593750 0.093750
vt 0.359375 0.312500
vt 0.343750 0.468750
vt 0.421875 0.312500
vt 0.359375 0.328125
vt 0.421875 0.328125
vt 0.968750 0.203125
vt 0.968750 0.218750
vt 1.000000 0.218750
vt 1.000000 0.203125
vt 1.000000 0.234375
vt 0.968750 0.234375
vt 0.968750 0.250000
vt 0.953125 0.250000
vt 0.953125 0.234375
vt 1.000000 0.265625
vt 1.000000 0.250000
vt 0.968750 0.265625
vt 0.593750 0.890625
vt 0.593750 0.703125
vt 0.609375 0.703125
vt 0.609375 0.890625
vt 1.000000 0.703125
vt 1.000000 0.890625
vt 0.984375 0.890625
vt 0.984375 0.703125
vt 0.890625 1.000000
vt 0.703125 1.000000
vt 0.703125 0.984375
vt 0.890625 0.984375
vt 1.000000 0.703125
vt 1.000000 0.890625
vt 0.984375 0.890625
vt 0.984375 0.703125
vt 0.593750 0.890625
vt 0.593750 0.703125
vt 0.609375 0.703125
vt 0.609375 0.890625
vt 0.484375 0.984375
vt 0.296875 0.984375
vt 0.312500 0.953125
vt 0.468750 0.953125
vt 0.890625 1.000000
vt 0.703125 1.000000
vt 0.703125 0.984375
vt 0.890625 0.984375
vt 0.890625 0.609375
vt 0.703125 0.609375
vt 0.703125 0.593750
vt 0.890625 0.593750
vt 0.203125 0.890625
vt 0.203125 0.703125
vt 0.234375 0.718750
vt 0.234375 0.875000
vt 0.890625 0.609375
vt 0.703125 0.984375
vt 0.703125 0.609375
vt 0.890625 0.593750
vt 0.703125 0.593750
vt 0.578125 0.703125
vt 0.578125 0.890625
vt 0.546875 0.875000
vt 0.546875 0.718750
vt 0.296875 0.609375
vt 0.484375 0.609375
vt 0.468750 0.640625
vt 0.312500 0.640625
vt 0.187500 0.296875
vt 0.593750 0.296875
vt 0.593750 0.484375
vt 0.546875 0.468750
vt 0.546875 0.312500
vt 0.484375 0.593750
vt 0.468750 0.546875
vt 0.484375 0.187500
vt 0.468750 0.234375
vt 0.218750 0.468750
vt 0.312500 0.562500
vt 0.468750 0.562500
vt 0.562500 0.468750
vt 0.562500 0.312500
vt 0.546875 0.468750
vt 0.312500 0.218750
vt 0.312500 0.234375
vt 0.687500 0.359375
vt 1.000000 0.359375
vt 1.000000 0.343750
vt 0.687500 0.343750
vt 1.000000 0.421875
vt 0.687500 0.421875
vt 0.687500 0.437500
vt 1.000000 0.437500
vt 0.687500 0.406250
vt 1.000000 0.406250
vt 0.687500 0.359375
vt 0.687500 0.343750
vt 0.687500 0.468750
vt 1.000000 0.468750
vt 1.000000 0.453125
vt 0.687500 0.453125
vt 1.000000 0.484375
vt 0.687500 0.484375
vt 0.656250 0.390625
vt 0.656250 0.375000
vt 0.656250 0.515625
vt 1.000000 0.515625
vt 1.000000 0.500000
vt 0.656250 0.500000
vt 0.656250 0.515625
vt 1.000000 0.531250
vt 0.656250 0.531250
vt 0.656250 0.562500
vt 1.000000 0.562500
vt 1.000000 0.546875
vt 0.656250 0.546875
vt 1.000000 0.578125
vt 0.656250 0.578125
vt 0.437500 0.468750
vt 0.390625 0.484375
vt 0.390625 0.484375
vt 0.437500 0.468750
vt 0.359375 0.312500
vt 0.343750 0.468750
vt 0.359375 0.312500
vt 0.421875 0.312500
vt 0.359375 0.328125
vt 0.421875 0.328125
vt 0.593750 0.093750
vt 1.000000 0.093750
s 1
usemtl Wheel
f 15/1/1 8/2/2 20/3/3 24/4/4
f 5/5/5 14/6/6 22/7/7 18/8/8
f 13/9/9 16/10/10 23/11/11 21/12/12
f 18/13/13 22/14/14 9/15/14 2/16/13
f 24/1/15 20/2/16 3/17/16 12/4/15
f 10/18/17 11/19/17 28/20/17 27/21/17
f 21/22/18 23/23/19 11/24/19 10/25/18
f 17/26/20 19/27/21 7/28/22 6/29/23
f 12/30/17 3/31/17 25/32/17 26/33/17
f 18/16/13 2/16/13 1/34/24 17/34/24
f 20/3/3 8/2/2 7/28/22 19/27/21
f 22/7/7 14/6/6 13/9/9 21/12/12
f 24/4/15 12/4/15 11/24/19 23/24/19
f 5/5/5 18/8/8 17/26/20 6/29/23
f 3/17/16 20/17/16 19/27/25 4/27/25
f 9/15/14 22/15/14 21/25/18 10/25/18
f 15/1/1 24/4/4 23/11/11 16/10/10
f 1/35/24 4/28/25 19/27/25 17/34/24
f 2/36/17 9/37/17 30/38/17 29/39/17
f 4/40/17 1/41/17 31/42/17 32/43/17
f 4/40/17 32/43/17 25/32/17 3/31/17
f 1/41/17 2/36/17 29/39/17 31/42/17
f 9/37/17 10/18/17 27/21/17 30/38/17
f 11/19/17 12/30/17 26/33/17 28/20/17
f 14/44/26 5/45/26 33/46/26 34/47/26
f 8/48/26 15/49/26 36/50/26 35/51/26
f 16/52/26 13/53/26 37/54/26 38/55/26
f 6/56/26 7/57/26 40/58/26 39/59/26
f 7/57/26 8/48/26 35/51/26 40/58/26
f 6/56/26 39/59/26 33/46/26 5/45/26
f 13/53/26 14/44/26 34/47/26 37/54/26
f 16/52/26 38/55/26 36/50/26 15/49/26
f 29/60/15 30/61/16 34/47/16 33/62/15
f 27/63/25 37/54/25 34/47/16 30/47/16
f 27/64/25 28/65/24 38/66/24 37/54/25
f 28/55/24 26/67/13 36/67/13 38/55/24
f 26/68/13 25/69/14 35/51/14 36/67/13
f 32/58/18 40/58/18 35/51/14 25/70/14
f 32/71/18 31/72/19 39/59/19 40/58/18
f 31/59/19 29/62/15 33/62/15 39/59/19
f 41/73/27 42/74/27 44/75/27 43/76/27
f 49/77/28 50/78/28 48/79/28 47/80/28
f 47/76/29 48/75/29 46/74/29 45/73/29
f 51/77/30 52/78/30 42/81/30 41/82/30
f 45/80/31 46/79/31 52/78/31 51/77/31
f 43/82/32 44/81/32 50/78/32 49/77/32
f 53/74/33 54/73/33 56/76/33 55/75/33
f 61/83/34 62/84/34 60/85/34 59/86/34
f 59/75/35 60/76/35 58/73/35 57/74/35
f 63/83/36 64/84/36 54/87/36 53/88/36
f 57/86/37 58/85/37 64/84/37 63/83/37
f 55/88/38 56/87/38 62/84/38 61/83/38
f 65/89/39 66/90/39 68/91/39 67/92/39
f 73/93/40 74/94/40 72/95/40 71/96/40
f 71/92/41 72/91/41 70/90/41 69/89/41
f 75/93/42 76/94/42 66/97/42 65/98/42
f 69/96/43 70/95/43 76/94/43 75/93/43
f 67/98/44 68/97/44 74/94/44 73/93/44
f 77/89/45 78/90/45 80/91/45 79/92/45
f 85/99/46 86/100/46 84/101/46 83/102/46
f 83/92/47 84/91/47 82/90/47 81/89/47
f 87/99/48 88/100/48 78/103/48 77/104/48
f 81/102/49 82/101/49 88/100/49 87/99/49
f 79/104/50 80/103/50 86/100/50 85/99/50
f 104/105/51 105/106/51 106/106/51 102/105/51
f 205/107/18 210/108/19 95/109/19 94/110/18
f 207/111/25 92/112/25 91/113/16 208/114/16
f 95/115/19 210/116/19 209/117/15 96/118/15
f 205/107/18 94/110/18 93/119/14 206/120/14
f 96/118/15 209/117/15 208/121/16 91/122/16
f 203/123/13 206/124/14 93/125/14 90/126/13
f 92/112/25 207/111/25 204/127/24 89/128/24
f 97/129/52 98/130/52 100/130/52 99/129/52
f 99/129/26 100/130/26 105/106/26 104/105/26 103/131/26
f 103/131/53 104/105/53 102/105/53 101/131/53
f 101/131/17 102/105/17 106/106/17 98/130/17 97/129/17
f 99/132/35 103/133/35 101/131/35 97/129/35
f 105/106/54 100/130/54 98/130/54 106/106/54
f 107/134/41 108/135/47 110/136/47 109/137/41
f 113/136/45 114/138/39 112/139/39 111/135/45
f 111/139/17 112/140/17 108/141/17 107/142/17
f 109/143/41 113/144/45 111/140/45 107/145/41
f 114/138/39 110/144/47 108/140/47 112/139/39
f 129/146/55 122/147/56 134/148/57 138/149/58
f 119/150/59 128/151/60 136/152/61 132/153/62
f 127/154/63 130/155/64 137/156/65 135/157/66
f 132/158/24 136/159/25 123/160/25 116/161/24
f 138/162/19 134/163/18 117/164/18 126/165/19
f 124/166/26 125/167/26 142/168/26 141/169/26
f 135/170/16 137/171/15 125/172/15 124/173/16
f 131/174/67 133/175/68 121/176/69 120/177/70
f 126/178/26 117/179/26 139/180/26 140/181/26
f 132/161/24 116/161/24 115/182/13 131/182/13
f 134/148/57 122/147/56 121/176/69 133/175/68
f 136/152/61 128/151/60 127/154/63 135/157/66
f 138/165/19 126/165/19 125/172/15 137/183/15
f 119/150/59 132/153/62 131/174/67 120/177/70
f 117/164/18 134/164/18 133/184/14 118/184/14
f 123/160/25 136/160/25 135/173/16 124/173/16
f 129/146/55 138/149/58 137/156/65 130/155/64
f 115/185/13 118/186/14 133/184/14 131/182/13
f 116/187/26 123/188/26 144/189/26 143/190/26
f 118/191/26 115/192/26 145/193/26 146/194/26
f 118/191/26 146/194/26 139/180/26 117/179/26
f 115/192/26 116/187/26 143/190/26 145/193/26
f 123/188/26 124/166/26 141/169/26 144/189/26
f 125/167/26 126/178/26 140/181/26 142/168/26
f 128/52/17 119/195/17 147/63/17 148/55/17
f 122/196/17 129/197/17 150/198/17 149/199/17
f 130/200/17 127/49/17 151/50/17 152/201/17
f 120/44/17 121/202/17 154/203/17 153/47/17
f 121/202/17 122/196/17 149/199/17 154/203/17
f 120/44/17 153/47/17 147/63/17 119/195/17
f 127/49/17 128/52/17 148/55/17 151/50/17
f 130/200/17 152/201/17 150/198/17 129/197/17
f 143/64/19 144/204/18 148/55/18 147/63/19
f 141/50/14 151/50/14 148/55/18 144/55/18
f 141/205/14 142/206/13 152/201/13 151/50/14
f 142/201/13 140/198/24 150/198/24 152/201/13
f 140/207/24 139/208/25 149/199/25 150/209/24
f 146/62/16 154/62/16 149/199/25 139/199/25
f 146/60/16 145/210/15 153/211/15 154/62/16
f 145/211/15 143/63/19 147/63/19 153/211/15
f 155/212/35 156/213/35 158/214/35 157/215/35
f 163/216/36 164/217/36 162/218/36 161/219/36
f 161/215/33 162/214/33 160/213/33 159/212/33
f 165/216/34 166/217/34 156/220/34 155/221/34
f 159/219/38 160/218/38 166/217/38 165/216/38
f 157/221/37 158/220/37 164/217/37 163/216/37
f 167/76/29 168/222/29 170/223/29 169/73/29
f 175/224/30 176/225/30 174/226/30 173/227/30
f 173/73/27 174/223/27 172/222/27 171/76/27
f 177/224/28 178/225/28 168/228/28 167/229/28
f 171/227/32 172/226/32 178/225/32 177/224/32
f 169/229/31 170/228/31 176/225/31 175/224/31
f 179/91/39 180/230/39 182/231/39 181/90/39
f 187/232/43 188/233/43 186/234/43 185/235/43
f 185/90/41 186/231/41 184/230/41 183/91/41
f 189/236/44 190/233/44 180/237/44 179/238/44
f 183/235/40 184/234/40 190/233/40 189/236/40
f 181/238/42 182/237/42 188/233/42 187/232/42
f 191/230/47 192/91/47 194/90/47 193/231/47
f 199/239/48 200/240/48 198/241/48 197/242/48
f 197/231/45 198/90/45 196/91/45 195/230/45
f 201/239/46 202/240/46 192/243/46 191/244/46
f 195/242/50 196/241/50 202/240/50 201/239/50
f 193/244/49 194/243/49 200/240/49 199/239/49
f 218/245/71 219/246/71 220/247/71 216/248/71
f 211/249/72 212/250/72 214/130/72 213/251/72
f 213/251/17 214/130/17 219/246/17 218/245/17 217/252/17
f 217/252/73 218/245/73 216/248/73 215/252/73
f 215/252/26 216/248/26 220/247/26 212/250/26 211/249/26
f 213/253/27 217/254/27 215/252/27 211/249/27
f 219/246/74 214/130/74 212/250/74 220/247/74
f 221/143/41 222/144/45 224/140/45 223/145/41
f 227/135/47 228/134/39 226/137/39 225/136/47
f 225/141/26 226/140/26 222/139/26 221/142/26
f 223/139/41 227/140/47 225/144/47 221/138/41
f 228/139/39 224/135/45 222/136/45 226/138/39
f 89/255/24 204/256/24 203/123/13 90/126/13
o BOGEY_REAR_WHEEL_1
v 3.812500 0.187500 0.000000
v 3.875000 0.187500 0.000000
v 3.812500 0.187500 0.250000
v 3.812500 0.125000 0.250000
v 3.875000 0.187500 0.250000
v 3.875000 0.125000 0.250000
v 3.812500 0.125000 0.000000
v 3.875000 0.125000 0.000000
v 3.625000 0.250000 0.250000
v 3.750000 0.375000 0.250000
v 3.750000 -0.062500 0.250000
v 3.625000 0.062500 0.250000
v 3.937500 0.375000 0.250000
v 4.062500 0.250000 0.250000
v 4.062500 0.062500 0.250000
v 3.937500 -0.062500 0.250000
v 4.000000 0.062500 0.312500
v 3.937500 0.000000 0.312500
v 3.937500 0.312500 0.312500
v 4.000000 0.250000 0.312500
v 3.937500 0.000000 0.375000
v 4.000000 0.062500 0.375000
v 4.000000 0.250000 0.375000
v 3.937500 0.312500 0.375000
v 3.750000 0.000000 0.312500
v 3.687500 0.062500 0.312500
v 3.687500 0.250000 0.312500
v 3.750000 0.312500 0.312500
v 3.687500 0.062500 0.375000
v 3.750000 0.000000 0.375000
v 3.750000 0.312500 0.375000
v 3.687500 0.250000 0.375000
v 3.875000 0.062500 0.375000
v 3.937500 0.125000 0.375000
v 3.937500 0.187500 0.375000
v 3.875000 0.250000 0.375000
v 3.750000 0.125000 0.375000
v 3.812500 0.062500 0.375000
v 3.812500 0.250000 0.375000
v 3.750000 0.187500 0.375000
v 3.875000 0.250000 0.312500
v 3.812500 0.250000 0.312500
v 3.937500 0.125000 0.312500
v 3.937500 0.187500 0.312500
v 3.875000 0.062500 0.312500
v 3.812500 0.062500 0.312500
v 3.750000 0.187500 0.312500
v 3.750000 0.125000 0.312500
v 3.875000 0.187500 0.000000
v 3.812500 0.187500 0.000000
v 3.875000 0.187500 -0.250000
v 3.875000 0.125000 -0.250000
v 3.812500 0.187500 -0.250000
v 3.812500 0.125000 -0.250000
v 3.875000 0.125000 0.000000
v 3.812500 0.125000 0.000000
v 4.062500 0.250000 -0.250000
v 3.937500 0.375000 -0.250000
v 3.937500 -0.062500 -0.250000
v 4.062500 0.062500 -0.250000
v 3.750000 0.375000 -0.250000
v 3.625000 0.250000 -0.250000
v 3.625000 0.062500 -0.250000
v 3.750000 -0.062500 -0.250000
v 3.687500 0.062500 -0.312500
v 3.750000 0.000000 -0.312500
v 3.750000 0.312500 -0.312500
v 3.687500 0.250000 -0.312500
v 3.750000 0.000000 -0.375000
v 3.687500 0.062500 -0.375000
v 3.687500 0.250000 -0.375000
v 3.750000 0.312500 -0.375000
v 3.937500 0.000000 -0.312500
v 4.000000 0.062500 -0.312500
v 4.000000 0.250000 -0.312500
v 3.937500 0.312500 -0.312500
v 4.000000 0.062500 -0.375000
v 3.937500 0.000000 -0.375000
v 3.937500 0.312500 -0.375000
v 4.000000 0.250000 -0.375000
v 3.812500 0.062500 -0.375000
v 3.750000 0.125000 -0.375000
v 3.750000 0.187500 -0.375000
v 3.812500 0.250000 -0.375000
v 3.937500 0.125000 -0.375000
v 3.875000 0.062500 -0.375000
v 3.875000 0.250000 -0.375000
v 3.937500 0.187500 -0.375000
v 3.812500 0.250000 -0.312500
v 3.875000 0.250000 -0.312500
v 3.750000 0.125000 -0.312500
v 3.750000 0.187500 -0.312500
v 3.812500 0.062500 -0.312500
v 3.875000 0.062500 -0.312500
v 3.937500 0.187500 -0.312500
v 3.937500 0.125000 -0.312500
vn -0.7071 -0.7071 -0.0000
vn -0.7071 0.7071 -0.0000
vn -0.3458 0.6635 0.6635
vn 0.3458 0.6635 0.6635
vn 0.2418 0.6861 0.6861
vn -0.2418 0.6861 0.6861
vn 0.7071 0.7071 -0.0000
vn 0.7071 -0.7071 -0.0000
vn -0.9239 -0.3827 -0.0000
vn -0.9239 0.3827 -0.0000
vn -0.3827 0.9239 -0.0000
vn 0.3827 0.9239 -0.0000
vn 0.9239 -0.3827 -0.0000
vn 0.9239 0.3827 -0.0000
vn 0.3827 -0.9239 -0.0000
vn -0.3827 -0.9239 -0.0000
vn -0.3458 -0.6635 0.6635
vn -0.6635 -0.3458 0.6635
vn -0.6861 -0.2418 0.6861
vn -0.2418 -0.6861 0.6861
vn 0.3458 -0.6635 0.6635
vn 0.2418 -0.6861 0.6861
vn 0.6635 0.3458 0.6635
vn 0.6861 0.2418 0.6861
vn 0.6635 -0.3458 0.6635
vn 0.6861 -0.2418 0.6861
vn -0.6635 0.3458 0.6635
vn -0.6861 0.2418 0.6861
vn -0.0000 -0.0000 1.0000
vn -0.0000 -0.0000 -1.0000
vn 0.3458 0.6635 -0.6635
vn -0.3458 0.6635 -0.6635
vn -0.2418 0.6861 -0.6861
vn 0.2418 0.6861 -0.6861
vn 0.3458 -0.6635 -0.6635
vn 0.6635 -0.3458 -0.6635
vn 0.6861 -0.2418 -0.6861
vn 0.2418 -0.6861 -0.6861
vn -0.3458 -0.6635 -0.6635
vn -0.2418 -0.6861 -0.6861
vn -0.6635 0.3458 -0.6635
vn -0.6861 0.2418 -0.6861
vn -0.6635 -0.3458 -0.6635
vn -0.6861 -0.2418 -0.6861
vn 0.6635 0.3458 -0.6635
vn 0.6861 0.2418 -0.6861
vt 0.500000 0.312500
vt 0.562500 0.312500
vt 0.562500 0.062500
vt 0.500000 0.062500
vt 0.687500 0.937500
vt 0.875000 0.937500
vt 0.875000 1.000000
vt 0.687500 1.000000
vt 0.625000 0.312500
vt 0.625000 0.062500
vt 0.687500 0.062500
vt 0.687500 0.312500
vt 0.750000 0.062500
vt 0.750000 0.312500
vt 0.562500 0.500000
vt 0.750000 0.500000
vt 0.750000 0.437500
vt 0.562500 0.437500
vt 1.000000 0.375000
vt 0.812500 0.375000
vt 0.812500 0.312500
vt 1.000000 0.312500
vt 0.750000 0.375000
vt 0.562500 0.375000
vt 0.500000 0.375000
vt 0.500000 0.437500
vt 0.500000 0.500000
vt 0.812500 0.500000
vt 0.812500 0.437500
vt 1.000000 0.500000
vt 1.000000 0.437500
vt 0.687500 0.625000
vt 0.625000 0.687500
vt 0.562500 0.687500
vt 0.687500 0.562500
vt 0.875000 0.625000
vt 0.875000 0.562500
vt 0.937500 0.875000
vt 1.000000 0.875000
vt 0.937500 0.687500
vt 1.000000 0.687500
vt 0.625000 0.875000
vt 0.562500 0.875000
vt 0.750000 0.125000
vt 0.812500 0.125000
vt 0.812500 0.187500
vt 0.750000 0.187500
vt 0.875000 0.187500
vt 0.875000 0.125000
vt 0.812500 0.250000
vt 0.875000 0.312500
vt 0.875000 0.250000
vt 0.312500 0.937500
vt 0.375000 0.875000
vt 0.437500 0.875000
vt 0.500000 0.937500
vt 0.500000 0.812500
vt 0.500000 0.750000
vt 0.500000 0.625000
vt 0.437500 0.687500
vt 0.375000 0.687500
vt 0.312500 0.625000
vt 0.312500 0.750000
vt 0.250000 0.687500
vt 0.312500 0.812500
vt 0.250000 0.875000
vt 0.750000 0.250000
vt 0.812500 0.062500
vt 0.875000 0.062500
vt 0.125000 0.500000
vt 0.312500 0.500000
vt 0.437500 0.375000
vt 0.437500 0.187500
vt 0.312500 0.062500
vt 0.125000 0.062500
vt 0.000000 0.187500
vt 0.000000 0.375000
vt 0.125000 0.875000
vt 0.062500 0.875000
vt 0.000000 0.812500
vt 0.000000 0.750000
vt 0.062500 0.687500
vt 0.125000 0.687500
vt 0.187500 0.750000
vt 0.187500 0.812500
s 1
usemtl Trailing_Wheel
f 232/257/75 231/258/76 229/259/76 235/260/75
f 256/261/77 247/262/78 241/263/79 238/264/80
f 233/265/81 234/258/82 236/259/82 230/266/81
f 231/266/76 233/267/81 230/268/81 229/265/76
f 234/269/82 232/267/75 235/268/75 236/270/82
f 257/271/83 260/272/84 255/273/84 254/274/83
f 259/275/85 252/276/86 247/277/86 256/278/85
f 245/258/87 248/270/88 251/279/88 250/280/87
f 249/281/89 246/257/89 245/258/87 250/280/87
f 247/277/86 252/276/86 251/279/88 248/270/88
f 253/282/90 258/283/90 257/271/83 254/274/83
f 259/284/85 256/285/85 255/273/84 260/272/84
f 249/284/89 258/286/90 253/287/90 246/285/89
f 253/288/91 254/289/92 240/290/93 239/291/94
f 246/292/95 253/288/91 239/291/94 244/293/96
f 247/262/78 248/294/97 242/295/98 241/263/79
f 245/296/99 246/292/95 244/293/96 243/297/100
f 254/289/92 255/298/101 237/299/102 240/290/93
f 248/294/97 245/296/99 243/297/100 242/295/98
f 255/298/101 256/261/77 238/264/80 237/299/102
f 265/300/88 276/301/88 275/302/87 268/303/87
f 262/301/84 263/302/83 272/304/83 271/305/84
f 267/306/89 270/277/89 269/307/90 264/308/90
f 259/309/103 267/310/103 264/311/103 252/312/103
f 251/299/103 263/313/103 262/314/103 250/290/103
f 252/312/103 264/311/103 263/313/103 251/299/103
f 249/315/103 261/316/103 266/317/103 258/318/103
f 250/290/103 262/314/103 261/316/103 249/315/103
f 258/318/103 266/317/103 265/319/103 257/320/103
f 257/320/103 265/319/103 268/321/103 260/322/103
f 260/322/103 268/321/103 267/310/103 259/309/103
f 264/306/90 269/308/90 272/304/83 263/302/83
f 261/306/85 273/277/85 274/270/86 266/323/86
f 261/324/85 262/301/84 271/305/84 273/325/85
f 266/269/86 274/324/86 276/301/88 265/300/88
f 238/326/104 241/327/104 242/328/104 243/329/104 244/330/104 239/331/104 240/332/104 237/333/104
f 267/323/89 268/303/87 275/302/87 270/306/89
f 269/334/103 270/335/103 275/336/103 276/337/103 274/338/103 273/339/103 271/340/103 272/341/103
f 280/257/82 279/258/81 277/259/81 283/260/82
f 304/261/105 295/262/106 289/263/107 286/264/108
f 281/265/76 282/258/75 284/259/75 278/266/76
f 279/266/81 281/267/76 278/268/76 277/265/81
f 282/269/75 280/267/82 283/268/82 284/270/75
f 305/271/87 308/272/88 303/273/88 302/274/87
f 307/275/86 300/276/85 295/277/85 304/278/86
f 293/258/83 296/270/84 299/279/84 298/280/83
f 297/281/90 294/257/90 293/258/83 298/280/83
f 295/277/85 300/276/85 299/279/84 296/270/84
f 301/282/89 306/283/89 305/271/87 302/274/87
f 307/284/86 304/285/86 303/273/88 308/272/88
f 297/284/90 306/286/89 301/287/89 294/285/90
f 301/288/109 302/289/110 288/290/111 287/291/112
f 294/292/113 301/288/109 287/291/112 292/293/114
f 295/262/106 296/294/115 290/295/116 289/263/107
f 293/296/117 294/292/113 292/293/114 291/297/118
f 302/289/110 303/298/119 285/299/120 288/290/111
f 296/294/115 293/296/117 291/297/118 290/295/116
f 303/298/119 304/261/105 286/264/108 285/299/120
f 313/300/84 324/301/84 323/302/83 316/303/83
f 310/301/88 311/302/87 320/304/87 319/305/88
f 315/306/90 318/277/90 317/307/89 312/308/89
f 307/309/104 315/310/104 312/311/104 300/312/104
f 299/299/104 311/313/104 310/314/104 298/290/104
f 300/312/104 312/311/104 311/313/104 299/299/104
f 297/315/104 309/316/104 314/317/104 306/318/104
f 298/290/104 310/314/104 309/316/104 297/315/104
f 306/318/104 314/317/104 313/319/104 305/320/104
f 305/320/104 313/319/104 316/321/104 308/322/104
f 308/322/104 316/321/104 315/310/104 307/309/104
f 312/306/89 317/308/89 320/304/87 311/302/87
f 309/306/86 321/277/86 322/270/85 314/323/85
f 309/324/86 310/301/88 319/305/88 321/325/86
f 314/269/85 322/324/85 324/301/84 313/300/84
f 286/326/103 289/327/103 290/328/103 291/329/103 292/330/103 287/331/103 288/332/103 285/333/103
f 315/323/90 316/303/83 323/302/83 318/306/90
f 317/334/104 318/335/104 323/336/104 324/337/104 322/338/104 321/339/104 319/340/104 320/341/104
o BOGEY_REAR
v 4.000000 0.062500 0.125000
v 4.000000 0.250000 0.125000
v 4.000000 0.062500 0.250000
v 3.687500 0.062500 0.125000
v 3.687500 0.062500 0.250000
v 3.750000 0.125000 0.125000
v 3.750000 0.187500 0.125000
v 3.687500 0.125000 0.125000
v 4.000000 0.125000 0.125000
v 4.000000 0.187500 0.125000
v 3.937500 0.187500 0.125000
v 3.937500 0.125000 0.125000
v 4.000000 0.062500 -0.125000
v 4.000000 0.250000 -0.125000
v 4.000000 0.062500 -0.250000
v 4.000000 0.250000 -0.250000
v 3.687500 0.062500 -0.125000
v 3.687500 0.062500 -0.250000
v 3.750000 0.125000 -0.125000
v 3.750000 0.187500 -0.125000
v 3.687500 0.187500 -0.125000
v 3.687500 0.125000 -0.125000
v 4.000000 0.125000 -0.125000
v 4.000000 0.187500 -0.125000
v 3.937500 0.187500 -0.125000
v 3.937500 0.125000 -0.125000
v 3.687500 0.250000 0.125000
v 3.687500 0.187500 0.125000
v 3.687500 0.250000 -0.125000
v 3.687500 0.250000 -0.250000
v 3.687500 0.250000 0.250000
v 4.000000 0.250000 0.250000
v 3.687500 0.437500 -0.125000
v 3.687500 0.437500 0.125000
v 4.000000 0.437500 0.125000
v 4.000000 0.437500 -0.125000
v 3.687500 0.187500 0.187500
v 2.937500 0.375000 0.062500
v 3.687500 0.187500 -0.125000
v 3.687500 0.250000 0.125000
v 3.687500 0.187500 0.125000
v 2.937500 0.312500 0.000000
v 2.937500 0.375000 0.000000
v 3.687500 0.187500 -0.187500
v 2.937500 0.312500 -0.062500
v 3.687500 0.250000 -0.125000
v 2.937500 0.312500 0.062500
v 2.937500 0.375000 -0.062500
v 2.875000 0.312500 0.062500
v 2.875000 0.375000 0.062500
v 2.875000 0.312500 -0.062500
v 2.875000 0.375000 -0.062500
v 3.687500 0.250000 -0.187500
v 3.687500 0.250000 0.187500
vn 1.0000 -0.0000 -0.0000
vn -0.0000 -0.0000 1.0000
vn -1.0000 -0.0000 -0.0000
vn -0.0000 -0.0000 -1.0000
vn -0.0000 -1.0000 -0.0000
vn -0.0000 1.0000 -0.0000
vn -0.0000 0.5547 -0.8321
vn -0.0000 0.5547 0.8321
vn -0.1644 -0.0000 0.9864
vn 0.1644 0.9864 -0.0000
vn -0.1644 -0.9864 -0.0000
vn 0.1644 -0.0000 -0.9864
vn -0.1644 -0.0000 -0.9864
vn 0.1644 -0.0000 0.9864
vt 0.093750 0.789062
vt 0.093750 0.812500
vt 0.109375 0.812500
vt 0.109375 0.789062
vt 0.000000 0.789062
vt 0.000000 0.812500
vt 0.039062 0.812500
vt 0.039062 0.789062
vt 0.109375 0.781250
vt 0.109375 0.742188
vt 0.093750 0.742188
vt 0.093750 0.781250
vt 0.062500 0.796875
vt 0.093750 0.796875
vt 0.093750 0.804688
vt 0.062500 0.804688
vt 0.062500 0.750000
vt 0.062500 0.742188
vt 0.093750 0.750000
vt 0.062500 0.781250
vt 0.062500 0.773438
vt 0.093750 0.773438
vt 0.062500 0.789062
vt 0.046875 0.789062
vt 0.046875 0.812500
vt 0.062500 0.812500
vt 0.046875 0.781250
vt 0.046875 0.742188
vt 0.046875 0.710938
vt 0.062500 0.734375
vt 0.093750 0.734375
vt 0.109375 0.710938
vt 0.062500 0.664062
vt 0.093750 0.664062
vt 0.093750 0.703125
vt 0.062500 0.703125
vt 0.015625 0.742188
vt 0.039062 0.742188
vt 0.039062 0.781250
vt 0.015625 0.781250
vt 0.046875 0.664062
vt 0.046875 0.703125
vt 0.109375 0.703125
vt 0.109375 0.664062
vt 0.117188 0.804688
vt 0.117188 0.812500
vt 0.210938 0.812500
vt 0.210938 0.804688
vt 0.117188 0.773438
vt 0.117188 0.765625
vt 0.210938 0.765625
vt 0.210938 0.773438
vt 0.140625 0.796875
vt 0.140625 0.789062
vt 0.148438 0.789062
vt 0.148438 0.796875
vt 0.234375 0.804688
vt 0.234375 0.812500
vt 0.218750 0.812500
vt 0.218750 0.804688
vt 0.156250 0.796875
vt 0.156250 0.781250
vt 0.164062 0.781250
vt 0.164062 0.796875
s 1
usemtl Base
f 325/342/121 326/343/121 356/344/121 327/345/121
f 327/346/122 356/347/122 355/348/122 329/349/122
f 329/345/123 355/344/123 351/343/123 328/342/123
f 328/349/124 351/348/124 326/347/124 325/346/124
f 327/350/125 329/351/125 328/352/125 325/353/125
f 355/351/126 356/350/126 326/353/126 351/352/126
f 346/354/123 332/355/123 352/356/123 345/357/123
f 344/358/126 345/359/126 352/352/126 331/360/126
f 332/352/125 346/359/125 343/358/125 330/360/125
f 350/354/123 336/355/123 335/356/123 349/357/123
f 347/354/121 348/357/121 334/356/121 333/355/121
f 348/361/126 349/362/126 335/363/126 334/353/126
f 336/363/125 350/362/125 347/361/125 333/353/125
f 337/364/121 339/365/121 340/366/121 338/367/121
f 339/346/124 342/349/124 354/348/124 340/347/124
f 342/365/123 341/364/123 353/367/123 354/366/123
f 341/349/122 337/346/122 338/347/122 353/348/122
f 339/368/125 337/361/125 341/359/125 342/369/125
f 354/369/126 353/359/126 338/361/126 340/368/126
f 343/354/121 344/357/121 331/356/121 330/355/121
f 340/370/121 360/371/121 359/372/121 356/373/121
f 354/370/123 355/373/123 358/372/123 357/371/123
f 357/374/126 358/375/126 359/376/126 360/377/126
f 354/378/127 357/379/127 360/380/127 340/381/127
f 354/382/125 340/383/125 356/384/125 355/385/125
f 355/378/128 356/381/128 359/380/128 358/379/128
f 361/386/129 378/387/129 362/388/129 371/389/129
f 378/390/130 364/391/130 367/392/130 362/393/130
f 371/393/131 366/392/131 365/391/131 361/390/131
f 365/386/132 366/389/132 367/388/132 364/387/132
f 372/394/124 369/395/124 375/396/124 376/397/124
f 368/386/133 369/389/133 372/388/133 377/387/133
f 377/390/130 372/393/130 367/392/130 370/391/130
f 369/393/131 368/390/131 363/391/131 366/392/131
f 363/386/134 370/387/134 367/388/134 366/389/134
f 376/398/123 375/399/123 373/400/123 374/401/123
f 362/402/126 372/403/126 376/404/126 374/405/126
f 371/395/122 362/394/122 374/397/122 373/396/122
f 369/403/125 371/402/125 373/405/125 375/404/125
o BOGEY_FRONT_WHEEL_1
v -3.875000 0.187500 0.000000
v -3.812500 0.187500 0.000000
v -3.875000 0.187500 0.250000
v -3.875000 0.125000 0.250000
v -3.812500 0.187500 0.250000
v -3.812500 0.125000 0.250000
v -3.875000 0.125000 0.000000
v -3.812500 0.125000 0.000000
v -4.062500 0.250000 0.250000
v -3.937500 0.375000 0.250000
v -3.937500 -0.062500 0.250000
v -4.062500 0.062500 0.250000
v -3.750000 0.375000 0.250000
v -3.625000 0.250000 0.250000
v -3.625000 0.062500 0.250000
v -3.750000 -0.062500 0.250000
v -3.687500 0.062500 0.312500
v -3.750000 0.000000 0.312500
v -3.750000 0.312500 0.312500
v -3.687500 0.250000 0.312500
v -3.750000 0.000000 0.375000
v -3.687500 0.062500 0.375000
v -3.687500 0.250000 0.375000
v -3.750000 0.312500 0.375000
v -3.937500 0.000000 0.312500
v -4.000000 0.062500 0.312500
v -4.000000 0.250000 0.312500
v -3.937500 0.312500 0.312500
v -4.000000 0.062500 0.375000
v -3.937500 0.000000 0.375000
v -3.937500 0.312500 0.375000
v -4.000000 0.250000 0.375000
v -3.812500 0.062500 0.375000
v -3.750000 0.125000 0.375000
v -3.750000 0.187500 0.375000
v -3.812500 0.250000 0.375000
v -3.937500 0.125000 0.375000
v -3.875000 0.062500 0.375000
v -3.875000 0.250000 0.375000
v -3.937500 0.187500 0.375000
v -3.812500 0.250000 0.312500
v -3.875000 0.250000 0.312500
v -3.750000 0.125000 0.312500
v -3.750000 0.187500 0.312500
v -3.812500 0.062500 0.312500
v -3.875000 0.062500 0.312500
v -3.937500 0.187500 0.312500
v -3.937500 0.125000 0.312500
v -3.812500 0.187500 0.000000
v -3.875000 0.187500 0.000000
v -3.812500 0.187500 -0.250000
v -3.812500 0.125000 -0.250000
v -3.875000 0.187500 -0.250000
v -3.875000 0.125000 -0.250000
v -3.812500 0.125000 0.000000
v -3.875000 0.125000 0.000000
v -3.625000 0.250000 -0.250000
v -3.750000 0.375000 -0.250000
v -3.750000 -0.062500 -0.250000
v -3.625000 0.062500 -0.250000
v -3.937500 0.375000 -0.250000
v -4.062500 0.250000 -0.250000
v -4.062500 0.062500 -0.250000
v -3.937500 -0.062500 -0.250000
v -4.000000 0.062500 -0.312500
v -3.937500 0.000000 -0.312500
v -3.937500 0.312500 -0.312500
v -4.000000 0.250000 -0.312500
v -3.937500 0.000000 -0.375000
v -4.000000 0.062500 -0.375000
v -4.000000 0.250000 -0.375000
v -3.937500 0.312500 -0.375000
v -3.750000 0.000000 -0.312500
v -3.687500 0.062500 -0.312500
v -3.687500 0.250000 -0.312500
v -3.750000 0.312500 -0.312500
v -3.687500 0.062500 -0.375000
v -3.750000 0.000000 -0.375000
v -3.750000 0.312500 -0.375000
v -3.687500 0.250000 -0.375000
v -3.875000 0.062500 -0.375000
v -3.937500 0.125000 -0.375000
v -3.937500 0.187500 -0.375000
v -3.875000 0.250000 -0.375000
v -3.750000 0.125000 -0.375000
v -3.812500 0.062500 -0.375000
v -3.812500 0.250000 -0.375000
v -3.750000 0.187500 -0.375000
v -3.875000 0.250000 -0.312500
v -3.812500 0.250000 -0.312500
v -3.937500 0.125000 -0.312500
v -3.937500 0.187500 -0.312500
v -3.875000 0.062500 -0.312500
v -3.812500 0.062500 -0.312500
v -3.750000 0.187500 -0.312500
v -3.750000 0.125000 -0.312500
vn -0.7071 -0.7071 -0.0000
vn -0.7071 0.7071 -0.0000
vn -0.3458 0.6635 0.6635
vn 0.3458 0.6635 0.6635
vn 0.2418 0.6861 0.6861
vn -0.2418 0.6861 0.6861
vn 0.7071 0.7071 -0.0000
vn 0.7071 -0.7071 -0.0000
vn -0.9239 -0.3827 -0.0000
vn -0.9239 0.3827 -0.0000
vn -0.3827 0.9239 -0.0000
vn 0.3827 0.9239 -0.0000
vn 0.9239 -0.3827 -0.0000
vn 0.9239 0.3827 -0.0000
vn 0.3827 -0.9239 -0.0000
vn -0.3827 -0.9239 -0.0000
vn -0.3458 -0.6635 0.6635
vn -0.6635 -0.3458 0.6635
vn -0.6861 -0.2418 0.6861
vn -0.2418 -0.6861 0.6861
vn 0.3458 -0.6635 0.6635
vn 0.2418 -0.6861 0.6861
vn 0.6635 0.3458 0.6635
vn 0.6861 0.2418 0.6861
vn 0.6635 -0.3458 0.6635
vn 0.6861 -0.2418 0.6861
vn -0.6635 0.3458 0.6635
vn -0.6861 0.2418 0.6861
vn -0.0000 -0.0000 1.0000
vn -0.0000 -0.0000 -1.0000
vn 0.3458 0.6635 -0.6635
vn -0.3458 0.6635 -0.6635
vn -0.2418 0.6861 -0.6861
vn 0.2418 0.6861 -0.6861
vn 0.3458 -0.6635 -0.6635
vn 0.6635 -0.3458 -0.6635
vn 0.6861 -0.2418 -0.6861
vn 0.2418 -0.6861 -0.6861
vn -0.3458 -0.6635 -0.6635
vn -0.2418 -0.6861 -0.6861
vn -0.6635 0.3458 -0.6635
vn -0.6861 0.2418 -0.6861
vn -0.6635 -0.3458 -0.6635
vn -0.6861 -0.2418 -0.6861
vn 0.6635 0.3458 -0.6635
vn 0.6861 0.2418 -0.6861
vt 0.500000 0.312500
vt 0.562500 0.312500
vt 0.562500 0.062500
vt 0.500000 0.062500
vt 0.687500 0.937500
vt 0.875000 0.937500
vt 0.875000 1.000000
vt 0.687500 1.000000
vt 0.625000 0.312500
vt 0.625000 0.062500
vt 0.687500 0.062500
vt 0.687500 0.312500
vt 0.750000 0.062500
vt 0.750000 0.312500
vt 0.562500 0.500000
vt 0.750000 0.500000
vt 0.750000 0.437500
vt 0.562500 0.437500
vt 1.000000 0.375000
vt 0.812500 0.375000
vt 0.812500 0.312500
vt 1.000000 0.312500
vt 0.750000 0.375000
vt 0.562500 0.375000
vt 0.500000 0.375000
vt 0.500000 0.437500
vt 0.500000 0.500000
vt 0.812500 0.500000
vt 0.812500 0.437500
vt 1.000000 0.500000
vt 1.000000 0.437500
vt 0.687500 0.625000
vt 0.625000 0.687500
vt 0.562500 0.687500
vt 0.687500 0.562500
vt 0.875000 0.625000
vt 0.875000 0.562500
vt 0.937500 0.875000
vt 1.000000 0.875000
vt 0.937500 0.687500
vt 1.000000 0.687500
vt 0.625000 0.875000
vt 0.562500 0.875000
vt 0.750000 0.125000
vt 0.812500 0.125000
vt 0.812500 0.187500
vt 0.750000 0.187500
vt 0.875000 0.187500
vt 0.875000 0.125000
vt 0.812500 0.250000
vt 0.875000 0.312500
vt 0.875000 0.250000
vt 0.312500 0.937500
vt 0.375000 0.875000
vt 0.437500 0.875000
vt 0.500000 0.937500
vt 0.500000 0.812500
vt 0.500000 0.750000
vt 0.500000 0.625000
vt 0.437500 0.687500
vt 0.375000 0.687500
vt 0.312500 0.625000
vt 0.312500 0.750000
vt 0.250000 0.687500
vt 0.312500 0.812500
vt 0.250000 0.875000
vt 0.750000 0.250000
vt 0.812500 0.062500
vt 0.875000 0.062500
vt 0.125000 0.500000
vt 0.312500 0.500000
vt 0.437500 0.375000
vt 0.437500 0.187500
vt 0.312500 0.062500
vt 0.125000 0.062500
vt 0.000000 0.187500
vt 0.000000 0.375000
vt 0.125000 0.875000
vt 0.062500 0.875000
vt 0.000000 0.812500
vt 0.000000 0.750000
vt 0.062500 0.687500
vt 0.125000 0.687500
vt 0.187500 0.750000
vt 0.187500 0.812500
s 1
usemtl Trailing_Wheel
f 382/406/135 381/407/136 379/408/136 385/409/135
f 406/410/137 397/411/138 391/412/139 388/413/140
f 383/414/141 384/407/142 386/408/142 380/415/141
f 381/415/136 383/416/141 380/417/141 379/414/136
f 384/418/142 382/416/135 385/417/135 386/419/142
f 407/420/143 410/421/144 405/422/144 404/423/143
f 409/424/145 402/425/146 397/426/146 406/427/145
f 395/407/147 398/419/148 401/428/148 400/429/147
f 399/430/149 396/406/149 395/407/147 400/429/147
f 397/426/146 402/425/146 401/428/148 398/419/148
f 403/431/150 408/432/150 407/420/143 404/423/143
f 409/433/145 406/434/145 405/422/144 410/421/144
f 399/433/149 408/435/150 403/436/150 396/434/149
f 403/437/151 404/438/152 390/439/153 389/440/154
f 396/441/155 403/437/151 389/440/154 394/442/156
f 397/411/138 398/443/157 392/444/158 391/412/139
f 395/445/159 396/441/155 394/442/156 393/446/160
f 404/438/152 405/447/161 387/448/162 390/439/153
f 398/443/157 395/445/159 393/446/160 392/444/158
f 405/447/161 406/410/137 388/413/140 387/448/162
f 415/449/148 426/450/148 425/451/147 418/452/147
f 412/450/144 413/451/143 422/453/143 421/454/144
f 417/455/149 420/426/149 419/456/150 414/457/150
f 409/458/163 417/459/163 414/460/163 402/461/163
f 401/448/163 413/462/163 412/463/163 400/439/163
f 402/461/163 414/460/163 413/462/163 401/448/163
f 399/464/163 411/465/163 416/466/163 408/467/163
f 400/439/163 412/463/163 411/465/163 399/464/163
f 408/467/163 416/466/163 415/468/163 407/469/163
f 407/469/163 415/468/163 418/470/163 410/471/163
f 410/471/163 418/470/163 417/459/163 409/458/163
f 414/455/150 419/457/150 422/453/143 413/451/143
f 411/455/145 423/426/145 424/419/146 416/472/146
f 411/473/145 412/450/144 421/454/144 423/474/145
f 416/418/146 424/473/146 426/450/148 415/449/148
f 388/475/164 391/476/164 392/477/164 393/478/164 394/479/164 389/480/164 390/481/164 387/482/164
f 417/472/149 418/452/147 425/451/147 420/455/149
f 419/483/163 420/484/163 425/485/163 426/486/163 424/487/163 423/488/163 421/489/163 422/490/163
f 430/406/142 429/407/141 427/408/141 433/409/142
f 454/410/165 445/411/166 439/412/167 436/413/168
f 431/414/136 432/407/135 434/408/135 428/415/136
f 429/415/141 431/416/136 428/417/136 427/414/141
f 432/418/135 430/416/142 433/417/142 434/419/135
f 455/420/147 458/421/148 453/422/148 452/423/147
f 457/424/146 450/425/145 445/426/145 454/427/146
f 443/407/143 446/419/144 449/428/144 448/429/143
f 447/430/150 444/406/150 443/407/143 448/429/143
f 445/426/145 450/425/145 449/428/144 446/419/144
f 451/431/149 456/432/149 455/420/147 452/423/147
f 457/433/146 454/434/146 453/422/148 458/421/148
f 447/433/150 456/435/149 451/436/149 444/434/150
f 451/437/169 452/438/170 438/439/171 437/440/172
f 444/441/173 451/437/169 437/440/172 442/442/174
f 445/411/166 446/443/175 440/444/176 439/412/167
f 443/445/177 444/441/173 442/442/174 441/446/178
f 452/438/170 453/447/179 435/448/180 438/439/171
f 446/443/175 443/445/177 441/446/178 440/444/176
f 453/447/179 454/410/165 436/413/168 435/448/180
f 463/449/144 474/450/144 473/451/143 466/452/143
f 460/450/148 461/451/147 470/453/147 469/454/148
f 465/455/150 468/426/150 467/456/149 462/457/149
f 457/458/164 465/459/164 462/460/164 450/461/164
f 449/448/164 461/462/164 460/463/164 448/439/164
f 450/461/164 462/460/164 461/462/164 449/448/164
f 447/464/164 459/465/164 464/466/164 456/467/164
f 448/439/164 460/463/164 459/465/164 447/464/164
f 456/467/164 464/466/164 463/468/164 455/469/164
f 455/469/164 463/468/164 466/470/164 458/471/164
f 458/471/164 466/470/164 465/459/164 457/458/164
f 462/455/149 467/457/149 470/453/147 461/451/147
f 459/455/146 471/426/146 472/419/145 464/472/145
f 459/473/146 460/450/148 469/454/148 471/474/146
f 464/418/145 472/473/145 474/450/144 463/449/144
f 436/475/163 439/476/163 440/477/163 441/478/163 442/479/163 437/480/163 438/481/163 435/482/163
f 465/472/150 466/452/143 473/451/143 468/455/150
f 467/483/164 468/484/164 473/485/164 474/486/164 472/487/164 471/488/164 469/489/164 470/490/164
o BOGEY_FRONT
v -4.000000 0.062500 -0.125000
v -4.000000 0.250000 -0.125000
v -4.000000 0.062500 -0.250000
v -3.687500 0.062500 -0.125000
v -3.687500 0.062500 -0.250000
v -3.750000 0.125000 -0.125000
v -3.750000 0.187500 -0.125000
v -3.687500 0.125000 -0.125000
v -4.000000 0.125000 -0.125000
v -4.000000 0.187500 -0.125000
v -3.937500 0.187500 -0.125000
v -3.937500 0.125000 -0.125000
v -4.000000 0.062500 0.125000
v -4.000000 0.250000 0.125000
v -4.000000 0.062500 0.250000
v -4.000000 0.250000 0.250000
v -3.687500 0.062500 0.125000
v -3.687500 0.062500 0.250000
v -3.750000 0.125000 0.125000
v -3.750000 0.187500 0.125000
v -3.687500 0.187500 0.125000
v -3.687500 0.125000 0.125000
v -4.000000 0.125000 0.125000
v -4.000000 0.187500 0.125000
v -3.937500 0.187500 0.125000
v -3.937500 0.125000 0.125000
v -3.687500 0.250000 -0.125000
v -3.687500 0.187500 -0.125000
v -3.687500 0.250000 0.125000
v -3.687500 0.250000 0.250000
v -3.687500 0.250000 -0.250000
v -4.000000 0.250000 -0.250000
v -3.687500 0.437500 0.125000
v -3.687500 0.437500 -0.125000
v -4.000000 0.437500 -0.125000
v -4.000000 0.437500 0.125000
v -3.687500 0.187500 -0.187500
v -2.937500 0.375000 -0.062500
v -3.687500 0.187500 0.125000
v -3.687500 0.250000 -0.125000
v -3.687500 0.187500 -0.125000
v -2.937500 0.312500 0.000000
v -2.937500 0.375000 0.000000
v -3.687500 0.187500 0.187500
v -2.937500 0.312500 0.062500
v -3.687500 0.250000 0.125000
v -2.937500 0.312500 -0.062500
v -2.937500 0.375000 0.062500
v -2.875000 0.312500 -0.062500
v -2.875000 0.375000 -0.062500
v -2.875000 0.312500 0.062500
v -2.875000 0.375000 0.062500
v -3.687500 0.250000 0.187500
v -3.687500 0.250000 -0.187500
vn -1.0000 -0.0000 -0.0000
vn -0.0000 -0.0000 -1.0000
vn 1.0000 -0.0000 -0.0000
vn -0.0000 -0.0000 1.0000
vn -0.0000 -1.0000 -0.0000
vn -0.0000 1.0000 -0.0000
vn -0.0000 0.5547 0.8321
vn -0.0000 0.5547 -0.8321
vn 0.1644 -0.0000 -0.9864
vn -0.1644 0.9864 -0.0000
vn 0.1644 -0.9864 -0.0000
vn -0.1644 -0.0000 0.9864
vn 0.1644 -0.0000 0.9864
vn -0.1644 -0.0000 -0.9864
vt 0.093750 0.789062
vt 0.093750 0.812500
vt 0.109375 0.812500
vt 0.109375 0.789062
vt 0.000000 0.789062
vt 0.000000 0.812500
vt 0.039062 0.812500
vt 0.039062 0.789062
vt 0.109375 0.781250
vt 0.109375 0.742188
vt 0.093750 0.742188
vt 0.093750 0.781250
vt 0.062500 0.796875
vt 0.093750 0.796875
vt 0.093750 0.804688
vt 0.062500 0.804688
vt 0.062500 0.750000
vt 0.062500 0.742188
vt 0.093750 0.750000
vt 0.062500 0.781250
vt 0.062500 0.773438
vt 0.093750 0.773438
vt 0.062500 0.789062
vt 0.046875 0.789062
vt 0.046875 0.812500
vt 0.062500 0.812500
vt 0.046875 0.781250
vt 0.046875 0.742188
vt 0.046875 0.710938
vt 0.062500 0.734375
vt 0.093750 0.734375
vt 0.109375 0.710938
vt 0.062500 0.664062
vt 0.093750 0.664062
vt 0.093750 0.703125
vt 0.062500 0.703125
vt 0.015625 0.742188
vt 0.039062 0.742188
vt 0.039062 0.781250
vt 0.015625 0.781250
vt 0.046875 0.664062
vt 0.046875 0.703125
vt 0.109375 0.703125
vt 0.109375 0.664062
vt 0.117188 0.804688
vt 0.117188 0.812500
vt 0.210938 0.812500
vt 0.210938 0.804688
vt 0.117188 0.773438
vt 0.117188 0.765625
vt 0.210938 0.765625
vt 0.210938 0.773438
vt 0.140625 0.796875
vt 0.140625 0.789062
vt 0.148438 0.789062
vt 0.148438 0.796875
vt 0.234375 0.804688
vt 0.234375 0.812500
vt 0.218750 0.812500
vt 0.218750 0.804688
vt 0.156250 0.796875
vt 0.156250 0.781250
vt 0.164062 0.781250
vt 0.164062 0.796875
s 1
usemtl Base
f 475/491/181 476/492/181 506/493/181 477/494/181
f 477/495/182 506/496/182 505/497/182 479/498/182
f 479/494/183 505/493/183 501/492/183 478/491/183
f 478/498/184 501/497/184 476/496/184 475/495/184
f 477/499/185 479/500/185 478/501/185 475/502/185
f 505/500/186 506/499/186 476/502/186 501/501/186
f 496/503/183 482/504/183 502/505/183 495/506/183
f 494/507/186 495/508/186 502/501/186 481/509/186
f 482/501/185 496/508/185 493/507/185 480/509/185
f 500/503/183 486/504/183 485/505/183 499/506/183
f 497/503/181 498/506/181 484/505/181 483/504/181
f 498/510/186 499/511/186 485/512/186 484/502/186
f 486/512/185 500/511/185 497/510/185 483/502/185
f 487/513/181 489/514/181 490/515/181 488/516/181
f 489/495/184 492/498/184 504/497/184 490/496/184
f 492/514/183 491/513/183 503/516/183 504/515/183
f 491/498/182 487/495/182 488/496/182 503/497/182
f 489/517/185 487/510/185 491/508/185 492/518/185
f 504/518/186 503/508/186 488/510/186 490/517/186
f 493/503/181 494/506/181 481/505/181 480/504/181
f 490/519/181 510/520/181 509/521/181 506/522/181
f 504/519/183 505/522/183 508/521/183 507/520/183
f 507/523/186 508/524/186 509/525/186 510/526/186
f 504/527/187 507/528/187 510/529/187 490/530/187
f 504/531/185 490/532/185 506/533/185 505/534/185
f 505/527/188 506/530/188 509/529/188 508/528/188
f 511/535/189 528/536/189 512/537/189 521/538/189
f 528/539/190 514/540/190 517/541/190 512/542/190
f 521/542/191 516/541/191 515/540/191 511/539/191
f 515/535/192 516/538/192 517/537/192 514/536/192
f 522/543/184 519/544/184 525/545/184 526/546/184
f 518/535/193 519/538/193 522/537/193 527/536/193
f 527/539/190 522/542/190 517/541/190 520/540/190
f 519/542/191 518/539/191 513/540/191 516/541/191
f 513/535/194 520/536/194 517/537/194 516/538/194
f 526/547/183 525/548/183 523/549/183 524/550/183
f 512/551/186 522/552/186 526/553/186 524/554/186
f 521/544/182 512/543/182 524/546/182 523/545/182
f 519/552/185 521/551/185 523/554/185 525/553/185
o WHEEL_DRIVER_1
v 0.625000 0.375000 0.375000
v 1.000000 0.000000 0.375000
v 1.000000 1.500000 0.375000
v 0.625000 1.125000 0.375000
v 1.000000 -0.062500 0.250000
v 0.562500 0.375000 0.250000
v 0.562500 1.125000 0.250000
v 1.000000 1.562500 0.250000
v 1.750000 0.000000 0.375000
v 2.125000 0.375000 0.375000
v 2.125000 1.125000 0.375000
v 1.750000 1.500000 0.375000
v 2.187500 0.375000 0.250000
v 1.750000 -0.062500 0.250000
v 1.750000 1.562500 0.250000
v 2.187500 1.125000 0.250000
v 0.625000 0.375000 0.312500
v 1.000000 0.000000 0.312500
v 0.625000 1.125000 0.312500
v 1.000000 1.500000 0.312500
v 2.125000 0.375000 0.312500
v 1.750000 0.000000 0.312500
v 2.125000 1.125000 0.312500
v 1.750000 1.500000 0.312500
v 1.062500 1.375000 0.375000
v 1.687500 1.375000 0.375000
v 2.000000 0.437500 0.375000
v 2.000000 1.062500 0.375000
v 1.062500 0.125000 0.375000
v 1.687500 0.125000 0.375000
v 0.750000 0.437500 0.375000
v 0.750000 1.062500 0.375000
v 1.062500 0.125000 0.250000
v 1.687500 0.125000 0.250000
v 1.062500 1.375000 0.250000
v 1.687500 1.375000 0.250000
v 2.000000 0.437500 0.250000
v 2.000000 1.062500 0.250000
v 0.750000 0.437500 0.250000
v 0.750000 1.062500 0.250000
v 1.312500 0.125000 0.312500
v 1.312500 1.375000 0.312500
v 1.312500 0.125000 0.281250
v 1.312500 1.375000 0.281250
v 1.437500 0.125000 0.312500
v 1.437500 1.375000 0.312500
v 1.437500 0.125000 0.281250
v 1.437500 1.375000 0.281250
v 1.375000 0.125000 0.250000
v 1.375000 1.375000 0.250000
v 1.375000 0.125000 0.343750
v 1.375000 1.375000 0.343750
v 0.750000 0.812500 0.312500
v 2.000000 0.812500 0.312500
v 0.750000 0.812500 0.281250
v 2.000000 0.812500 0.281250
v 0.750000 0.687500 0.312500
v 2.000000 0.687500 0.312500
v 0.750000 0.687500 0.281250
v 2.000000 0.687500 0.281250
v 0.750000 0.750000 0.250000
v 2.000000 0.750000 0.250000
v 0.750000 0.750000 0.343750
v 2.000000 0.750000 0.343750
v 0.933058 1.280330 0.312500
v 1.905330 0.308058 0.312500
v 0.933058 1.280330 0.281250
v 1.905330 0.308058 0.281250
v 0.844670 1.191942 0.312500
v 1.816942 0.219670 0.312500
v 0.844670 1.191942 0.281250
v 1.816942 0.219670 0.281250
v 0.888864 1.236136 0.250000
v 1.861136 0.263864 0.250000
v 0.888864 1.236136 0.343750
v 1.861136 0.263864 0.343750
v 1.905330 1.191942 0.312500
v 0.933058 0.219670 0.312500
v 1.905330 1.191942 0.281250
v 0.933058 0.219670 0.281250
v 1.816942 1.280330 0.312500
v 0.844670 0.308058 0.312500
v 1.816942 1.280330 0.281250
v 0.844670 0.308058 0.281250
v 1.861136 1.236136 0.250000
v 0.888864 0.263864 0.250000
v 1.861136 1.236136 0.343750
v 0.888864 0.263864 0.343750
v 1.250000 0.687500 0.812500
v 1.312500 0.625000 0.812500
v 1.312500 0.875000 0.812500
v 1.250000 0.812500 0.812500
v 1.437500 0.625000 0.812500
v 1.500000 0.687500 0.812500
v 1.500000 0.812500 0.812500
v 1.437500 0.875000 0.812500
v 1.250000 0.625000 0.937500
v 1.187500 1.250000 0.937500
v 1.250000 0.625000 0.812500
v 1.187500 1.250000 0.812500
v 1.500000 0.625000 0.937500
v 1.562500 1.250000 0.937500
v 1.500000 0.625000 0.812500
v 1.562500 1.250000 0.812500
v 1.375000 1.312500 0.812500
v 1.375000 1.312500 0.937500
v 1.343750 1.156250 1.031250
v 1.343750 1.218750 1.031250
v 1.343750 1.156250 0.906250
v 1.343750 1.218750 0.906250
v 1.406250 1.156250 1.031250
v 1.406250 1.218750 1.031250
v 1.406250 1.156250 0.906250
v 1.406250 1.218750 0.906250
v 1.000000 0.000000 -0.375000
v 0.625000 0.375000 -0.375000
v 2.125000 0.375000 -0.375000
v 1.750000 0.000000 -0.375000
v 0.562500 0.375000 -0.250000
v 1.000000 -0.062500 -0.250000
v 1.750000 -0.062500 -0.250000
v 2.187500 0.375000 -0.250000
v 0.625000 1.125000 -0.375000
v 1.000000 1.500000 -0.375000
v 1.750000 1.500000 -0.375000
v 2.125000 1.125000 -0.375000
v 1.000000 1.562500 -0.250000
v 0.562500 1.125000 -0.250000
v 2.187500 1.125000 -0.250000
v 1.750000 1.562500 -0.250000
v 1.000000 0.000000 -0.312500
v 0.625000 0.375000 -0.312500
v 1.750000 0.000000 -0.312500
v 2.125000 0.375000 -0.312500
v 1.000000 1.500000 -0.312500
v 0.625000 1.125000 -0.312500
v 1.750000 1.500000 -0.312500
v 2.125000 1.125000 -0.312500
v 2.000000 0.437500 -0.375000
v 2.000000 1.062500 -0.375000
v 1.062500 1.375000 -0.375000
v 1.687500 1.375000 -0.375000
v 0.750000 0.437500 -0.375000
v 0.750000 1.062500 -0.375000
v 1.062500 0.125000 -0.375000
v 1.687500 0.125000 -0.375000
v 0.750000 0.437500 -0.250000
v 0.750000 1.062500 -0.250000
v 2.000000 0.437500 -0.250000
v 2.000000 1.062500 -0.250000
v 1.062500 1.375000 -0.250000
v 1.687500 1.375000 -0.250000
v 1.062500 0.125000 -0.250000
v 1.687500 0.125000 -0.250000
v 0.750000 0.687500 -0.312500
v 2.000000 0.687500 -0.312500
v 0.750000 0.687500 -0.281250
v 2.000000 0.687500 -0.281250
v 0.750000 0.812500 -0.312500
v 2.000000 0.812500 -0.312500
v 0.750000 0.812500 -0.281250
v 2.000000 0.812500 -0.281250
v 0.750000 0.750000 -0.250000
v 2.000000 0.750000 -0.250000
v 0.750000 0.750000 -0.343750
v 2.000000 0.750000 -0.343750
v 1.437500 0.125000 -0.312500
v 1.437500 1.375000 -0.312500
v 1.437500 0.125000 -0.281250
v 1.437500 1.375000 -0.281250
v 1.312500 0.125000 -0.312500
v 1.312500 1.375000 -0.312500
v 1.312500 0.125000 -0.281250
v 1.312500 1.375000 -0.281250
v 1.375000 0.125000 -0.250000
v 1.375000 1.375000 -0.250000
v 1.375000 0.125000 -0.343750
v 1.375000 1.375000 -0.343750
v 1.905330 0.308058 -0.312500
v 0.933058 1.280330 -0.312500
v 1.905330 0.308058 -0.281250
v 0.933058 1.280330 -0.281250
v 1.816942 0.219670 -0.312500
v 0.844670 1.191942 -0.312500
v 1.816942 0.219670 -0.281250
v 0.844670 1.191942 -0.281250
v 1.861136 0.263864 -0.250000
v 0.888864 1.236136 -0.250000
v 1.861136 0.263864 -0.343750
v 0.888864 1.236136 -0.343750
v 1.816942 1.280330 -0.312500
v 0.844670 0.308058 -0.312500
v 1.816942 1.280330 -0.281250
v 0.844670 0.308058 -0.281250
v 1.905330 1.191942 -0.312500
v 0.933058 0.219670 -0.312500
v 1.905330 1.191942 -0.281250
v 0.933058 0.219670 -0.281250
v 1.861136 1.236136 -0.250000
v 0.888864 0.263864 -0.250000
v 1.861136 1.236136 -0.343750
v 0.888864 0.263864 -0.343750
v 1.312500 0.625000 -0.812500
v 1.250000 0.687500 -0.812500
v 1.500000 0.687500 -0.812500
v 1.437500 0.625000 -0.812500
v 1.250000 0.812500 -0.812500
v 1.312500 0.875000 -0.812500
v 1.437500 0.875000 -0.812500
v 1.500000 0.812500 -0.812500
v 1.250000 0.625000 -0.937500
v 1.875000 0.562500 -0.937500
v 1.250000 0.625000 -0.812500
v 1.875000 0.562500 -0.812500
v 1.250000 0.875000 -0.937500
v 1.875000 0.937500 -0.937500
v 1.250000 0.875000 -0.812500
v 1.875000 0.937500 -0.812500
v 1.937500 0.750000 -0.812500
v 1.937500 0.750000 -0.937500
v 1.781250 0.718750 -1.031250
v 1.843750 0.718750 -1.031250
v 1.781250 0.718750 -0.906250
v 1.843750 0.718750 -0.906250
v 1.781250 0.781250 -1.031250
v 1.843750 0.781250 -1.031250
v 1.781250 0.781250 -0.906250
v 1.843750 0.781250 -0.906250
vn 0.2418 0.6861 0.6861
vn -0.2418 0.6861 0.6861
vn -0.3458 0.6635 0.6635
vn 0.3458 0.6635 0.6635
vn -0.2418 -0.6861 0.6861
vn 0.2418 -0.6861 0.6861
vn 0.3458 -0.6635 0.6635
vn -0.3458 -0.6635 0.6635
vn 0.6861 -0.2418 0.6861
vn 0.6861 0.2418 0.6861
vn 0.6635 0.3458 0.6635
vn 0.6635 -0.3458 0.6635
vn -0.3827 -0.9239 -0.0000
vn 0.3827 -0.9239 -0.0000
vn 0.3827 0.9239 -0.0000
vn -0.3827 0.9239 -0.0000
vn -0.0000 -0.0000 1.0000
vn 0.9239 -0.3827 -0.0000
vn 0.9239 0.3827 -0.0000
vn -0.6635 -0.3458 0.6635
vn -0.6635 0.3458 0.6635
vn -0.6861 0.2418 0.6861
vn -0.6861 -0.2418 0.6861
vn -0.9239 -0.3827 -0.0000
vn -0.9239 0.3827 -0.0000
vn -0.0000 -0.0000 -1.0000
vn -1.0000 -0.0000 -0.0000
vn 0.4472 -0.0000 -0.8944
vn 1.0000 -0.0000 -0.0000
vn -0.4472 -0.0000 0.8944
vn 0.4472 -0.0000 0.8944
vn -0.4472 -0.0000 -0.8944
vn -0.0000 1.0000 -0.0000
vn -0.0000 -0.4472 -0.8944
vn -0.0000 -1.0000 -0.0000
vn -0.0000 0.4472 0.8944
vn -0.0000 -0.4472 0.8944
vn -0.0000 0.4472 -0.8944
vn 0.7071 0.7071 -0.0000
vn -0.3162 -0.3162 -0.8944
vn -0.7071 -0.7071 -0.0000
vn 0.3162 0.3162 0.8944
vn -0.3162 -0.3162 0.8944
vn 0.3162 0.3162 -0.8944
vn 0.7071 -0.7071 -0.0000
vn -0.3162 0.3162 -0.8944
vn -0.7071 0.7071 -0.0000
vn 0.3162 -0.3162 0.8944
vn -0.3162 0.3162 0.8944
vn 0.3162 -0.3162 -0.8944
vn 0.3162 0.9487 -0.0000
vn -0.9950 -0.0995 -0.0000
vn 0.9950 -0.0995 -0.0000
vn -0.3162 0.9487 -0.0000
vn 0.6861 0.2418 -0.6861
vn 0.6861 -0.2418 -0.6861
vn 0.6635 -0.3458 -0.6635
vn 0.6635 0.3458 -0.6635
vn -0.6861 -0.2418 -0.6861
vn -0.6861 0.2418 -0.6861
vn -0.6635 0.3458 -0.6635
vn -0.6635 -0.3458 -0.6635
vn -0.2418 0.6861 -0.6861
vn 0.2418 0.6861 -0.6861
vn 0.3458 0.6635 -0.6635
vn -0.3458 0.6635 -0.6635
vn -0.3458 -0.6635 -0.6635
vn 0.3458 -0.6635 -0.6635
vn 0.2418 -0.6861 -0.6861
vn -0.2418 -0.6861 -0.6861
vn 0.9487 0.3162 -0.0000
vn -0.0995 -0.9950 -0.0000
vn -0.0995 0.9950 -0.0000
vn 0.9487 -0.3162 -0.0000
vt 0.890625 1.000000
vt 0.703125 1.000000
vt 0.703125 0.984375
vt 0.890625 0.984375
vt 0.703125 0.593750
vt 0.890625 0.593750
vt 0.890625 0.609375
vt 0.703125 0.609375
vt 1.000000 0.703125
vt 1.000000 0.890625
vt 0.984375 0.890625
vt 0.984375 0.703125
vt 0.703125 0.593750
vt 0.890625 0.593750
vt 0.890625 0.609375
vt 0.703125 0.609375
vt 0.703125 0.984375
vt 0.578125 0.703125
vt 0.578125 0.890625
vt 0.546875 0.875000
vt 0.546875 0.718750
vt 1.000000 0.703125
vt 1.000000 0.890625
vt 0.984375 0.890625
vt 0.984375 0.703125
vt 0.609375 0.703125
vt 0.609375 0.890625
vt 0.593750 0.890625
vt 0.593750 0.703125
vt 0.484375 0.984375
vt 0.296875 0.984375
vt 0.312500 0.953125
vt 0.468750 0.953125
vt 0.609375 0.703125
vt 0.593750 0.703125
vt 0.296875 0.609375
vt 0.484375 0.609375
vt 0.468750 0.640625
vt 0.312500 0.640625
vt 0.203125 0.890625
vt 0.203125 0.703125
vt 0.234375 0.718750
vt 0.234375 0.875000
vt 0.296875 0.187500
vt 0.484375 0.187500
vt 0.468750 0.234375
vt 0.312500 0.234375
vt 0.484375 0.593750
vt 0.296875 0.593750
vt 0.312500 0.546875
vt 0.468750 0.546875
vt 0.187500 0.484375
vt 0.187500 0.296875
vt 0.234375 0.312500
vt 0.234375 0.468750
vt 0.593750 0.296875
vt 0.593750 0.484375
vt 0.546875 0.468750
vt 0.546875 0.312500
vt 0.468750 0.218750
vt 0.312500 0.218750
vt 0.468750 0.234375
vt 0.234375 0.312500
vt 0.218750 0.312500
vt 0.218750 0.468750
vt 0.234375 0.468750
vt 0.312500 0.546875
vt 0.312500 0.562500
vt 0.468750 0.562500
vt 0.468750 0.546875
vt 0.562500 0.468750
vt 0.562500 0.312500
vt 1.000000 0.343750
vt 0.687500 0.343750
vt 0.687500 0.359375
vt 1.000000 0.359375
vt 0.687500 0.468750
vt 1.000000 0.468750
vt 1.000000 0.453125
vt 0.687500 0.453125
vt 1.000000 0.484375
vt 0.687500 0.484375
vt 0.687500 0.421875
vt 1.000000 0.421875
vt 1.000000 0.406250
vt 0.687500 0.406250
vt 1.000000 0.437500
vt 0.687500 0.437500
vt 0.656250 0.375000
vt 1.000000 0.375000
vt 1.000000 0.390625
vt 0.656250 0.390625
vt 0.656250 0.562500
vt 1.000000 0.562500
vt 1.000000 0.546875
vt 0.656250 0.546875
vt 1.000000 0.578125
vt 0.656250 0.578125
vt 1.000000 0.515625
vt 0.656250 0.515625
vt 0.656250 0.531250
vt 1.000000 0.531250
vt 0.656250 0.500000
vt 1.000000 0.500000
vt 0.437500 0.468750
vt 0.390625 0.484375
vt 1.000000 0.156250
vt 1.000000 0.187500
vt 0.593750 0.187500
vt 0.593750 0.156250
vt 1.000000 0.062500
vt 0.593750 0.062500
vt 0.593750 0.046875
vt 1.000000 0.046875
vt 0.593750 0.000000
vt 1.000000 0.000000
vt 1.000000 0.015625
vt 0.593750 0.015625
vt 0.593750 0.140625
vt 1.000000 0.140625
vt 1.000000 0.046875
vt 0.593750 0.046875
vt 1.000000 0.109375
vt 1.000000 0.140625
vt 0.593750 0.140625
vt 0.593750 0.109375
vt 1.000000 0.093750
vt 0.593750 0.093750
vt 0.359375 0.312500
vt 0.343750 0.468750
vt 0.421875 0.312500
vt 0.359375 0.328125
vt 0.421875 0.328125
vt 0.968750 0.203125
vt 0.968750 0.218750
vt 1.000000 0.218750
vt 1.000000 0.203125
vt 1.000000 0.234375
vt 0.968750 0.234375
vt 0.968750 0.250000
vt 0.953125 0.250000
vt 0.953125 0.234375
vt 1.000000 0.265625
vt 1.000000 0.250000
vt 0.968750 0.265625
vt 0.593750 0.890625
vt 0.593750 0.703125
vt 0.609375 0.703125
vt 0.609375 0.890625
vt 1.000000 0.703125
vt 1.000000 0.890625
vt 0.984375 0.890625
vt 0.984375 0.703125
vt 0.890625 1.000000
vt 0.703125 1.000000
vt 0.703125 0.984375
vt 0.890625 0.984375
vt 1.000000 0.703125
vt 1.000000 0.890625
vt 0.984375 0.890625
vt 0.984375 0.703125
vt 0.593750 0.890625
vt 0.593750 0.703125
vt 0.609375 0.703125
vt 0.609375 0.890625
vt 0.484375 0.984375
vt 0.296875 0.984375
vt 0.312500 0.953125
vt 0.468750 0.953125
vt 0.890625 1.000000
vt 0.703125 1.000000
vt 0.703125 0.984375
vt 0.890625 0.984375
vt 0.890625 0.609375
vt 0.703125 0.609375
vt 0.703125 0.593750
vt 0.890625 0.593750
vt 0.203125 0.890625
vt 0.203125 0.703125
vt 0.234375 0.718750
vt 0.234375 0.875000
vt 0.890625 0.609375
vt 0.703125 0.984375
vt 0.703125 0.609375
vt 0.890625 0.593750
vt 0.703125 0.593750
vt 0.578125 0.703125
vt 0.578125 0.890625
vt 0.546875 0.875000
vt 0.546875 0.718750
vt 0.296875 0.609375
vt 0.484375 0.609375
vt 0.468750 0.640625
vt 0.312500 0.640625
vt 0.187500 0.296875
vt 0.593750 0.296875
vt 0.593750 0.484375
vt 0.546875 0.468750
vt 0.546875 0.312500
vt 0.484375 0.593750
vt 0.468750 0.546875
vt 0.484375 0.187500
vt 0.468750 0.234375
vt 0.218750 0.468750
vt 0.312500 0.562500
vt 0.468750 0.562500
vt 0.562500 0.468750
vt 0.562500 0.312500
vt 0.546875 0.468750
vt 0.312500 0.218750
vt 0.312500 0.234375
vt 0.687500 0.359375
vt 1.000000 0.359375
vt 1.000000 0.343750
vt 0.687500 0.343750
vt 1.000000 0.421875
vt 0.687500 0.421875
vt 0.687500 0.437500
vt 1.000000 0.437500
vt 0.687500 0.406250
vt 1.000000 0.406250
vt 0.687500 0.359375
vt 0.687500 0.343750
vt 0.687500 0.468750
vt 1.000000 0.468750
vt 1.000000 0.453125
vt 0.687500 0.453125
vt 1.000000 0.484375
vt 0.687500 0.484375
vt 0.656250 0.390625
vt 0.656250 0.375000
vt 0.656250 0.515625
vt 1.000000 0.515625
vt 1.000000 0.500000
vt 0.656250 0.500000
vt 0.656250 0.515625
vt 1.000000 0.531250
vt 0.656250 0.531250
vt 0.656250 0.562500
vt 1.000000 0.562500
vt 1.000000 0.546875
vt 0.656250 0.546875
vt 1.000000 0.578125
vt 0.656250 0.578125
vt 0.437500 0.468750
vt 0.390625 0.484375
vt 0.390625 0.484375
vt 0.437500 0.468750
vt 0.359375 0.312500
vt 0.343750 0.468750
vt 0.359375 0.312500
vt 0.421875 0.312500
vt 0.359375 0.328125
vt 0.421875 0.328125
vt 0.593750 0.093750
vt 1.000000 0.093750
s 1
usemtl Wheel
f 543/555/195 536/556/196 548/557/197 552/558/198
f 533/559/199 542/560/200 550/561/201 546/562/202
f 541/563/203 544/564/204 551/565/205 549/566/206
f 546/567/207 550/568/208 537/569/208 530/570/207
f 552/555/209 548/556/210 531/571/210 540/558/209
f 538/572/211 539/573/211 556/574/211 555/575/211
f 549/576/212 551/577/213 539/578/213 538/579/212
f 545/580/214 547/581/215 535/582/216 534/583/217
f 540/584/211 531/585/211 553/586/211 554/587/211
f 546/570/207 530/570/207 529/588/218 545/588/218
f 548/557/197 536/556/196 535/582/216 547/581/215
f 550/561/201 542/560/200 541/563/203 549/566/206
f 552/558/209 540/558/209 539/578/213 551/578/213
f 533/559/199 546/562/202 545/580/214 534/583/217
f 531/571/210 548/571/210 547/581/219 532/581/219
f 537/569/208 550/569/208 549/579/212 538/579/212
f 543/555/195 552/558/198 551/565/205 544/564/204
f 529/589/218 532/582/219 547/581/219 545/588/218
f 530/590/211 537/591/211 558/592/211 557/593/211
f 532/594/211 529/595/211 559/596/211 560/597/211
f 532/594/211 560/597/211 553/586/211 531/585/211
f 529/595/211 530/590/211 557/593/211 559/596/211
f 537/591/211 538/572/211 555/575/211 558/592/211
f 539/573/211 540/584/211 554/587/211 556/574/211
f 542/598/220 533/599/220 561/600/220 562/601/220
f 536/602/220 543/603/220 564/604/220 563/605/220
f 544/606/220 541/607/220 565/608/220 566/609/220
f 534/610/220 535/611/220 568/612/220 567/613/220
f 535/611/220 536/602/220 563/605/220 568/612/220
f 534/610/220 567/613/220 561/600/220 533/599/220
f 541/607/220 542/598/220 562/601/220 565/608/220
f 544/606/220 566/609/220 564/604/220 543/603/220
f 557/614/209 558/615/210 562/601/210 561/616/209
f 555/617/219 565/608/219 562/601/210 558/601/210
f 555/618/219 556/619/218 566/620/218 565/608/219
f 556/609/218 554/621/207 564/621/207 566/609/218
f 554/622/207 553/623/208 563/605/208 564/621/207
f 560/612/212 568/612/212 563/605/208 553/624/208
f 560/625/212 559/626/213 567/613/213 568/612/212
f 559/613/213 557/616/209 561/616/209 567/613/213
f 569/627/221 570/628/221 572/629/221 571/630/221
f 577/631/222 578/632/222 576/633/222 575/634/222
f 575/630/223 576/629/223 574/628/223 573/627/223
f 579/631/224 580/632/224 570/635/224 569/636/224
f 573/634/225 574/633/225 580/632/225 579/631/225
f 571/636/226 572/635/226 578/632/226 577/631/226
f 581/628/227 582/627/227 584/630/227 583/629/227
f 589/637/228 590/638/228 588/639/228 587/640/228
f 587/629/229 588/630/229 586/627/229 585/628/229
f 591/637/230 592/638/230 582/641/230 581/642/230
f 585/640/231 586/639/231 592/638/231 591/637/231
f 583/642/232 584/641/232 590/638/232 589/637/232
f 593/643/233 594/644/233 596/645/233 595/646/233
f 601/647/234 602/648/234 600/649/234 599/650/234
f 599/646/235 600/645/235 598/644/235 597/643/235
f 603/647/236 604/648/236 594/651/236 593/652/236
f 597/650/237 598/649/237 604/648/237 603/647/237
f 595/652/238 596/651/238 602/648/238 601/647/238
f 605/643/239 606/644/239 608/645/239 607/646/239
f 613/653/240 614/654/240 612/655/240 611/656/240
f 611/646/241 612/645/241 610/644/241 609/643/241
f 615/653/242 616/654/242 606/657/242 605/658/242
f 609/656/243 610/655/243 616/654/243 615/653/243
f 607/658/244 608/657/244 614/654/244 613/653/244
f 632/659/245 633/660/245 634/660/245 630/659/245
f 733/661/212 738/662/213 623/663/213 622/664/212
f 735/665/219 620/666/219 619/667/210 736/668/210
f 623/669/213 738/670/213 737/671/209 624/672/209
f 733/661/212 622/664/212 621/673/208 734/674/208
f 624/672/209 737/671/209 736/675/210 619/676/210
f 731/677/207 734/678/208 621/679/208 618/680/207
f 620/666/219 735/665/219 732/681/218 617/682/218
f 625/683/246 626/684/246 628/684/246 627/683/246
f 627/683/220 628/684/220 633/660/220 632/659/220 631/685/220
f 631/685/247 632/659/247 630/659/247 629/685/247
f 629/685/211 630/659/211 634/660/211 626/684/211 625/683/211
f 627/686/229 631/687/229 629/685/229 625/683/229
f 633/660/248 628/684/248 626/684/248 634/660/248
f 635/688/235 636/689/241 638/690/241 637/691/235
f 641/690/239 642/692/233 640/693/233 639/689/239
f 639/693/211 640/694/211 636/695/211 635/696/211
f 637/697/235 641/698/239 639/694/239 635/699/235
f 642/692/233 638/698/241 636/694/241 640/693/233
f 657/700/249 650/701/250 662/702/251 666/703/252
f 647/704/253 656/705/254 664/706/255 660/707/256
f 655/708/257 658/709/258 665/710/259 663/711/260
f 660/712/218 664/713/219 651/714/219 644/715/218
f 666/716/213 662/717/212 645/718/212 654/719/213
f 652/720/220 653/721/220 670/722/220 669/723/220
f 663/724/210 665/725/209 653/726/209 652/727/210
f 659/728/261 661/729/262 649/730/263 648/731/264
f 654/732/220 645/733/220 667/734/220 668/735/220
f 660/715/218 644/715/218 643/736/207 659/736/207
f 662/702/251 650/701/250 649/730/263 661/729/262
f 664/706/255 656/705/254 655/708/257 663/711/260
f 666/719/213 654/719/213 653/726/209 665/737/209
f 647/704/253 660/707/256 659/728/261 648/731/264
f 645/718/212 662/718/212 661/738/208 646/738/208
f 651/714/219 664/714/219 663/727/210 652/727/210
f 657/700/249 666/703/252 665/710/259 658/709/258
f 643/739/207 646/740/208 661/738/208 659/736/207
f 644/741/220 651/742/220 672/743/220 671/744/220
f 646/745/220 643/746/220 673/747/220 674/748/220
f 646/745/220 674/748/220 667/734/220 645/733/220
f 643/746/220 644/741/220 671/744/220 673/747/220
f 651/742/220 652/720/220 669/723/220 672/743/220
f 653/721/220 654/732/220 668/735/220 670/722/220
f 656/606/211 647/749/211 675/617/211 676/609/211
f 650/750/211 657/751/211 678/752/211 677/753/211
f 658/754/211 655/603/211 679/604/211 680/755/211
f 648/598/211 649/756/211 682/757/211 681/601/211
f 649/756/211 650/750/211 677/753/211 682/757/211
f 648/598/211 681/601/211 675/617/211 647/749/211
f 655/603/211 656/606/211 676/609/211 679/604/211
f 658/754/211 680/755/211 678/752/211 657/751/211
f 671/618/213 672/758/212 676/609/212 675/617/213
f 669/604/208 679/604/208 676/609/212 672/609/212
f 669/759/208 670/760/207 680/755/207 679/604/208
f 670/755/207 668/752/218 678/752/218 680/755/207
f 668/761/218 667/762/219 677/753/219 678/763/218
f 674/616/210 682/616/210 677/753/219 667/753/219
f 674/614/210 673/764/209 681/765/209 682/616/210
f 673/765/209 671/617/213 675/617/213 681/765/209
f 683/766/229 684/767/229 686/768/229 685/769/229
f 691/770/230 692/771/230 690/772/230 689/773/230
f 689/769/227 690/768/227 688/767/227 687/766/227
f 693/770/228 694/771/228 684/774/228 683/775/228
f 687/773/232 688/772/232 694/771/232 693/770/232
f 685/775/231 686/774/231 692/771/231 691/770/231
f 695/630/223 696/776/223 698/777/223 697/627/223
f 703/778/224 704/779/224 702/780/224 701/781/224
f 701/627/221 702/777/221 700/776/221 699/630/221
f 705/778/222 706/779/222 696/782/222 695/783/222
f 699/781/226 700/780/226 706/779/226 705/778/226
f 697/783/225 698/782/225 704/779/225 703/778/225
f 707/645/233 708/784/233 710/785/233 709/644/233
f 715/786/237 716/787/237 714/788/237 713/789/237
f 713/644/235 714/785/235 712/784/235 711/645/235
f 717/790/238 718/787/238 708/791/238 707/792/238
f 711/789/234 712/788/234 718/787/234 717/790/234
f 709/792/236 710/791/236 716/787/236 715/786/236
f 719/784/241 720/645/241 722/644/241 721/785/241
f 727/793/242 728/794/242 726/795/242 725/796/242
f 725/785/239 726/644/239 724/645/239 723/784/239
f 729/793/240 730/794/240 720/797/240 719/798/240
f 723/796/244 724/795/244 730/794/244 729/793/244
f 721/798/243 722/797/243 728/794/243 727/793/243
f 746/799/265 747/800/265 748/801/265 744/802/265
f 739/803/266 740/804/266 742/684/266 741/805/266
f 741/805/211 742/684/211 747/800/211 746/799/211 745/806/211
f 745/806/267 746/799/267 744/802/267 743/806/267
f 743/806/220 744/802/220 748/801/220 740/804/220 739/803/220
f 741/807/221 745/808/221 743/806/221 739/803/221
f 747/800/268 742/684/268 740/804/268 748/801/268
f 749/697/235 750/698/239 752/694/239 751/699/235
f 755/689/241 756/688/233 754/691/233 753/690/241
f 753/695/220 754/694/220 750/693/220 749/696/220
f 751/693/235 755/694/241 753/698/241 749/692/235
f 756/693/233 752/689/239 750/690/239 754/692/233
f 617/809/218 732/810/218 731/677/207 618/680/207
o SIDE_ROD_RIGHT
v -2.437500 0.687500 -0.937500
v -2.437500 0.812500 -0.937500
v -2.437500 0.687500 -1.000000
v -2.437500 0.812500 -1.000000
v 3.312500 0.687500 -0.937500
v 3.312500 0.812500 -0.937500
v 3.312500 0.687500 -1.000000
v 3.312500 0.812500 -1.000000
vn -1.0000 -0.0000 -0.0000
vn -0.0000 -0.0000 -1.0000
vn 1.0000 -0.0000 -0.0000
vn -0.0000 -0.0000 1.0000
vn -0.0000 -1.0000 -0.0000
vn -0.0000 1.0000 -0.0000
vt 0.789062 0.929688
vt 0.789062 0.945312
vt 0.781250 0.945312
vt 0.781250 0.929688
vt 0.773438 0.929688
vt 0.773438 0.945312
vt 0.054688 0.945312
vt 0.054688 0.929688
vt 0.789062 0.953125
vt 0.789062 0.968750
vt 0.781250 0.968750
vt 0.781250 0.953125
vt 0.773438 0.953125
vt 0.773438 0.968750
vt 0.054688 0.968750
vt 0.054688 0.953125
vt 0.054688 0.992188
vt 0.773438 0.992188
vt 0.773438 1.000000
vt 0.054688 1.000000
vt 0.773438 0.984375
vt 0.054688 0.984375
vt 0.054688 0.976562
vt 0.773438 0.976562
s 0
usemtl Base
f 757/811/269 758/812/269 760/813/269 759/814/269
f 759/815/270 760/816/270 764/817/270 763/818/270
f 763/819/271 764/820/271 762/821/271 761/822/271
f 761/823/272 762/824/272 758/825/272 757/826/272
f 759/827/273 763/828/273 761/829/273 757/830/273
f 764/831/274 760/832/274 758/833/274 762/834/274
o SIDE_ROD_LEFT
v 3.312500 0.687500 0.937500
v 3.312500 0.812500 0.937500
v 3.312500 0.687500 1.000000
v 3.312500 0.812500 1.000000
v -2.437500 0.687500 0.937500
v -2.437500 0.812500 0.937500
v -2.437500 0.687500 1.000000
v -2.437500 0.812500 1.000000
vn 1.0000 -0.0000 -0.0000
vn -0.0000 -0.0000 1.0000
vn -1.0000 -0.0000 -0.0000
vn -0.0000 -0.0000 -1.0000
vn -0.0000 -1.0000 -0.0000
vn -0.0000 1.0000 -0.0000
vt 0.789062 0.929688
vt 0.789062 0.945312
vt 0.781250 0.945312
vt 0.781250 0.929688
vt 0.773438 0.929688
vt 0.773438 0.945312
vt 0.054688 0.945312
vt 0.054688 0.929688
vt 0.789062 0.953125
vt 0.789062 0.968750
vt 0.781250 0.968750
vt 0.781250 0.953125
vt 0.773438 0.953125
vt 0.773438 0.968750
vt 0.054688 0.968750
vt 0.054688 0.953125
vt 0.054688 0.992188
vt 0.773438 0.992188
vt 0.773438 1.000000
vt 0.054688 1.000000
vt 0.773438 0.984375
vt 0.054688 0.984375
vt 0.054688 0.976562
vt 0.773438 0.976562
s 0
usemtl Base
f 765/835/275 766/836/275 768/837/275 767/838/275
f 767/839/276 768/840/276 772/841/276 771/842/276
f 771/843/277 772/844/277 770/845/277 769/846/277
f 769/847/278 770/848/278 766/849/278 765/850/278
f 767/851/279 771/852/279 769/853/279 765/854/279
f 772/855/280 768/856/280 766/857/280 770/858/280
o COUPLER_ENGAGED_REAR_2_TOGGLE_LABEL_Uncouple
v 4.625000 0.531250 0.343750
v 4.625000 0.218750 0.343750
v 4.625000 0.531250 -0.343750
v 4.625000 0.218750 -0.343750
v 4.500000 0.531250 0.343750
v 4.500000 0.531250 -0.343750
v 4.500000 0.218750 0.343750
v 4.500000 0.218750 -0.343750
v 4.562500 0.218750 0.343750
v 4.562500 0.531250 0.343750
v 4.562500 0.218750 -0.343750
v 4.562500 0.531250 -0.343750
v 4.562500 0.218750 0.343750
v 4.562500 0.531250 0.343750
v 4.562500 0.218750 -0.343750
v 4.562500 0.531250 -0.343750
vn 1.0000 -0.0000 -0.0000
vn -0.0000 -0.0000 -1.0000
vn -0.0000 -0.0000 1.0000
vn -0.0000 1.0000 -0.0000
vn -1.0000 -0.0000 -0.0000
vn -0.0000 -1.0000 -0.0000
vt 0.531250 0.125000
vt 0.875000 0.125000
vt 0.875000 0.312500
vt 0.531250 0.312500
vt 0.968750 0.125000
vt 1.000000 0.125000
vt 1.000000 0.312500
vt 0.968750 0.312500
vt 0.500000 0.125000
vt 0.500000 0.312500
vt 0.875000 0.406250
vt 0.875000 0.437500
vt 0.531250 0.437500
vt 0.531250 0.406250
vt 0.531250 0.031250
vt 0.531250 0.000000
vt 0.875000 -0.000000
vt 0.875000 0.031250
vt 0.906250 0.125000
vt 0.906250 0.312500
vt 0.406250 0.125000
vt 0.437500 0.125000
vt 0.437500 0.312500
vt 0.406250 0.312500
vt 0.875000 0.343750
vt 0.531250 0.343750
vt 0.531250 0.093750
vt 0.875000 0.093750
s 0
usemtl knuckle
f 774/859/281 776/860/281 775/861/281 773/862/281
f 783/863/282 780/864/282 778/865/282 784/866/282
f 781/867/283 774/859/283 773/862/283 782/868/283
f 784/869/284 778/870/284 777/871/284 786/872/284
f 780/859/285 779/860/285 777/861/285 778/862/285
f 785/873/286 779/874/286 780/875/286 783/876/286
f 776/860/282 787/877/282 788/878/282 775/861/282
f 779/879/283 785/880/283 786/881/283 777/882/283
f 775/861/284 788/883/284 782/884/284 773/862/284
f 774/859/286 781/885/286 787/886/286 776/860/286
o COUPLED_REAR_4_HIDE_INVERT
v 5.000000 0.439063 -0.078125
v 5.125000 0.439063 -0.078125
v 5.000000 0.310938 -0.078125
v 5.125000 0.310938 -0.078125
v 5.125000 0.439063 0.046875
v 5.000000 0.439063 0.046875
v 5.125000 0.310938 0.046875
v 5.000000 0.310938 0.046875
v 4.687500 0.437500 -0.125000
v 4.687500 0.312500 -0.125000
v 4.687500 0.437500 0.125000
v 4.687500 0.312500 0.125000
v 4.750000 0.500000 -0.125000
v 4.875000 0.500000 -0.125000
v 4.750000 0.250000 -0.125000
v 4.875000 0.250000 -0.125000
v 4.875000 0.500000 0.125000
v 4.750000 0.500000 0.125000
v 4.875000 0.250000 0.125000
v 4.750000 0.250000 0.125000
v 4.875000 0.500000 -0.125000
v 4.937500 0.500000 -0.125000
v 4.875000 0.250000 -0.125000
v 4.937500 0.250000 -0.125000
v 4.937500 0.500000 -0.062500
v 4.875000 0.500000 -0.062500
v 4.937500 0.250000 -0.062500
v 4.875000 0.250000 -0.062500
v 4.937500 0.500000 -0.187500
v 4.981694 0.500000 -0.143306
v 4.937500 0.250000 -0.187500
v 4.981694 0.250000 -0.143306
v 4.875628 0.500000 -0.037240
v 4.831434 0.500000 -0.081434
v 4.875628 0.250000 -0.037240
v 4.831434 0.250000 -0.081434
v 4.641747 0.437500 -0.125000
v 4.750000 0.500000 -0.125000
v 4.672997 0.383374 -0.125000
v 4.781250 0.445874 -0.125000
v 4.750000 0.500000 0.125000
v 4.641747 0.437500 0.125000
v 4.781250 0.445874 0.125000
v 4.672997 0.383374 0.125000
v 4.672997 0.366626 -0.125000
v 4.781250 0.304126 -0.125000
v 4.641747 0.312500 -0.125000
v 4.750000 0.250000 -0.125000
v 4.781250 0.304126 0.125000
v 4.672997 0.366626 0.125000
v 4.750000 0.250000 0.125000
v 4.641747 0.312500 0.125000
v 4.875000 0.437500 -0.187500
v 4.937500 0.437500 -0.187500
v 4.875000 0.312500 -0.187500
v 4.937500 0.312500 -0.187500
v 4.937500 0.437500 -0.125000
v 4.875000 0.437500 -0.125000
v 4.937500 0.312500 -0.125000
v 4.875000 0.312500 -0.125000
v 4.937500 0.500000 -0.187500
v 5.060601 0.500000 -0.165794
v 4.937500 0.250000 -0.187500
v 5.060601 0.250000 -0.165794
v 5.038895 0.500000 -0.042693
v 4.915794 0.500000 -0.064399
v 5.038895 0.250000 -0.042693
v 4.915794 0.250000 -0.064399
v 4.875000 0.500000 0.187500
v 5.062500 0.500000 0.187500
v 4.875000 0.312500 0.187500
v 5.062500 0.312500 0.187500
v 5.062500 0.500000 0.250000
v 4.875000 0.500000 0.250000
v 5.062500 0.312500 0.250000
v 4.875000 0.312500 0.250000
v 4.892972 0.500000 0.148399
v 5.076027 0.500000 0.188981
v 4.892972 0.250000 0.148399
v 5.076027 0.250000 0.188981
v 5.062500 0.500000 0.250000
v 4.879445 0.500000 0.209417
v 5.062500 0.250000 0.250000
v 4.879445 0.250000 0.209417
v 4.835250 0.500000 0.076835
v 4.923638 0.500000 0.165223
v 4.835250 0.250000 0.076835
v 4.923638 0.250000 0.165223
v 4.879445 0.500000 0.209417
v 4.791056 0.500000 0.121029
v 4.879445 0.250000 0.209417
v 4.791056 0.250000 0.121029
v 4.699151 0.437500 0.014928
v 4.933684 0.437500 0.139631
v 4.699151 0.312500 0.014928
v 4.933684 0.312500 0.139631
v 4.875000 0.437500 0.250000
v 4.640467 0.437500 0.125297
v 4.875000 0.312500 0.250000
v 4.640467 0.312500 0.125297
v 4.633519 0.437500 -0.122795
v 4.875000 0.437500 -0.187500
v 4.633519 0.312500 -0.122795
v 4.875000 0.312500 -0.187500
v 4.891176 0.437500 -0.127130
v 4.649695 0.437500 -0.062425
v 4.891176 0.312500 -0.127130
v 4.649695 0.312500 -0.062425
v 4.948223 0.437500 -0.078125
v 5.036612 0.437500 -0.166514
v 4.948223 0.312500 -0.078125
v 5.036612 0.312500 -0.166514
v 5.125000 0.437500 -0.078125
v 5.036612 0.437500 0.010263
v 5.125000 0.312500 -0.078125
v 5.036612 0.312500 0.010263
v 4.500000 0.312500 -0.125000
v 4.500000 0.437500 -0.125000
v 4.500000 0.437500 0.125000
v 4.500000 0.312500 0.125000
vn 1.0000 -0.0000 -0.0000
vn -0.0000 -0.0000 -1.0000
vn -1.0000 -0.0000 -0.0000
vn -0.0000 -0.0000 1.0000
vn -0.0000 1.0000 -0.0000
vn -0.0000 -1.0000 -0.0000
vn 0.7071 -0.0000 0.7071
vn 0.7071 -0.0000 -0.7071
vn -0.7071 -0.0000 -0.7071
vn -0.7071 -0.0000 0.7071
vn 0.8660 0.5000 -0.0000
vn -0.8660 -0.5000 -0.0000
vn -0.5000 0.8660 -0.0000
vn 0.5000 -0.8660 -0.0000
vn 0.8660 -0.5000 -0.0000
vn -0.8660 0.5000 -0.0000
vn 0.5000 0.8660 -0.0000
vn -0.5000 -0.8660 -0.0000
vn 0.9848 -0.0000 0.1736
vn 0.1736 -0.0000 -0.9848
vn -0.9848 -0.0000 -0.1736
vn -0.1736 -0.0000 0.9848
vn 0.9763 -0.0000 0.2164
vn 0.2164 -0.0000 -0.9763
vn -0.9763 -0.0000 -0.2164
vn -0.2164 -0.0000 0.9763
vn 0.8829 -0.0000 0.4695
vn 0.4695 -0.0000 -0.8829
vn -0.8829 -0.0000 -0.4695
vn -0.4695 -0.0000 0.8829
vn 0.9659 -0.0000 -0.2588
vn -0.2588 -0.0000 -0.9659
vn -0.9659 -0.0000 0.2588
vn 0.2588 -0.0000 0.9659
vt 0.468750 0.937500
vt 0.468750 1.000000
vt 0.531250 1.000000
vt 0.531250 0.937500
vt 0.031250 0.468750
vt 0.031250 0.531250
vt 0.093750 0.531250
vt 0.093750 0.468750
vt 0.531250 0.875000
vt 0.468750 0.875000
vt 0.093750 0.687500
vt 0.093750 0.750000
vt 0.218750 0.750000
vt 0.218750 0.687500
vt 0.250000 0.687500
vt 0.250000 0.750000
vt 0.343750 0.750000
vt 0.343750 0.687500
vt 0.125000 0.968750
vt 0.125000 0.875000
vt 0.000000 0.875000
vt 0.000000 0.968750
vt 0.000000 0.750000
vt 0.125000 0.750000
vt 0.093750 0.562500
vt 0.156250 0.687500
vt 0.156250 0.562500
vt 0.125000 1.000000
vt 0.250000 1.000000
vt 0.250000 0.875000
vt 0.312500 0.781250
vt 0.312500 0.906250
vt 0.375000 0.906250
vt 0.375000 0.781250
vt 0.281250 0.687500
vt 0.281250 0.625000
vt 0.156250 0.625000
vt 0.437500 0.812500
vt 0.437500 0.937500
vt 0.468750 0.812500
vt 0.093750 0.437500
vt 0.125000 0.562500
vt 0.125000 0.437500
vt 0.156250 0.437500
vt 0.343750 0.781250
vt 0.312500 0.750000
vt 0.281250 0.562500
vt 0.343750 0.562500
vt 0.312500 0.875000
vt 0.250000 0.906250
vt 0.375000 0.812500
vt 0.500000 0.812500
vt 0.500000 0.781250
vt 0.468750 0.687500
vt 0.468750 0.718750
vt 0.531250 0.718750
vt 0.531250 0.687500
vt 0.468750 0.656250
vt 0.531250 0.656250
vt 0.343750 0.937500
vt 0.343750 1.000000
vt 0.468750 0.781250
vt 0.343750 0.718750
vt 0.437500 0.562500
vt 0.437500 0.593750
vt 0.562500 0.593750
vt 0.562500 0.562500
vt 0.156250 0.468750
vt 0.156250 0.500000
vt 0.218750 0.500000
vt 0.218750 0.468750
vt 0.562500 0.812500
vt 0.562500 0.781250
vt 0.343750 0.656250
vt 0.218750 0.437500
vt 0.250000 0.500000
vt 0.250000 0.437500
vt 0.281250 0.500000
vt 0.281250 0.437500
vt 0.375000 0.937500
vt 0.343750 0.906250
vt 0.000000 0.531250
vt 0.000000 0.656250
vt 0.062500 0.656250
vt 0.062500 0.531250
vt 0.343750 0.531250
vt 0.406250 0.656250
vt 0.406250 0.531250
vt 0.343750 0.500000
vt 0.093750 0.656250
vt 0.406250 0.437500
vt 0.375000 0.437500
vt 0.375000 0.531250
vt 0.218750 0.875000
vt 0.406250 0.468750
vt 0.406250 0.593750
vt 0.437500 0.468750
vt 0.343750 0.437500
vt 0.218750 0.625000
vt 0.312500 0.500000
vt 0.312500 0.437500
vt 0.437500 0.500000
vt 0.500000 0.562500
vt 0.500000 0.500000
vt 0.531250 0.593750
vt 0.031250 0.406250
vt 0.000000 0.406250
vt 0.531250 0.812500
vt 0.531250 0.781250
vt 0.125000 0.906250
vt 0.000000 1.000000
vt 0.000000 0.906250
s 0
usemtl knuckle
f 792/887/287 790/888/287 793/889/287 795/890/287
f 791/891/288 789/892/288 790/893/288 792/894/288
f 796/890/289 794/889/289 789/888/289 791/887/289
f 795/891/290 793/892/290 794/893/290 796/894/290
f 794/890/291 793/895/291 790/896/291 789/887/291
f 795/890/292 796/895/292 791/896/292 792/887/292
f 798/897/287 797/898/287 799/899/287 800/900/287
f 905/901/288 906/902/288 797/903/288 798/904/288
f 907/905/291 799/906/291 797/907/291 906/908/291
f 804/909/287 802/907/287 805/906/287 807/910/287
f 803/911/288 801/897/288 802/912/288 804/913/288
f 808/906/289 806/914/289 801/915/289 803/916/289
f 807/917/290 805/918/290 806/919/290 808/920/290
f 806/921/291 805/922/291 802/923/291 801/912/291
f 807/922/292 808/921/292 803/912/292 804/923/292
f 812/924/287 810/925/287 813/887/287 815/926/287
f 811/927/288 809/911/288 810/928/288 812/929/288
f 816/927/289 814/911/289 809/928/289 811/929/289
f 815/929/290 813/928/290 814/913/290 816/930/290
f 814/931/291 813/903/291 810/932/291 809/917/291
f 815/903/292 816/931/292 811/917/292 812/932/292
f 820/929/293 818/928/293 821/913/293 823/930/293
f 819/927/294 817/911/294 818/928/294 820/929/294
f 824/933/295 822/921/295 817/904/295 819/934/295
f 823/927/296 821/911/296 822/928/296 824/929/296
f 822/918/291 821/935/291 818/916/291 817/936/291
f 823/918/292 824/935/292 819/916/292 820/936/292
f 828/920/297 826/937/297 829/938/297 831/939/297
f 827/940/288 825/941/288 826/942/288 828/943/288
f 832/920/298 830/937/298 825/938/298 827/939/298
f 831/944/290 829/940/290 830/943/290 832/945/290
f 830/888/299 829/887/299 826/946/299 825/947/299
f 831/941/300 832/948/300 827/931/300 828/949/300
f 836/950/301 834/951/301 837/952/301 839/953/301
f 835/954/288 833/955/288 834/956/288 836/957/288
f 840/950/302 838/951/302 833/952/302 835/953/302
f 839/939/290 837/938/290 838/958/290 840/959/290
f 838/941/303 837/944/303 834/960/303 833/949/303
f 839/888/304 840/887/304 835/946/304 836/947/304
f 844/961/287 842/956/287 845/962/287 847/963/287
f 843/963/288 841/962/288 842/964/288 844/965/288
f 848/961/289 846/956/289 841/962/289 843/963/289
f 847/961/290 845/956/290 846/962/290 848/963/290
f 846/966/291 845/919/291 842/967/291 841/946/291
f 847/919/292 848/966/292 843/946/292 844/967/292
f 852/968/305 850/969/305 853/970/305 855/971/305
f 851/972/306 849/960/306 850/973/306 852/974/306
f 856/924/307 854/925/307 849/887/307 851/926/307
f 855/974/308 853/973/308 854/960/308 856/972/308
f 854/934/291 853/975/291 850/964/291 849/933/291
f 855/975/292 856/934/292 851/933/292 852/964/292
f 860/961/287 858/956/287 861/962/287 863/963/287
f 859/969/288 857/909/288 858/898/288 860/976/288
f 864/961/289 862/956/289 857/962/289 859/963/289
f 863/936/290 861/915/290 862/947/290 864/967/290
f 862/974/291 861/977/291 858/978/291 857/979/291
f 863/974/292 864/977/292 859/978/292 860/979/292
f 868/971/309 866/970/309 869/976/309 871/893/309
f 867/910/310 865/906/310 866/980/310 868/899/310
f 872/981/311 870/982/311 865/951/311 867/983/311
f 871/899/312 869/980/312 870/935/312 872/932/312
f 870/979/291 869/978/291 866/984/291 865/972/291
f 871/979/292 872/978/292 867/984/292 868/972/292
f 876/981/293 874/982/293 877/951/293 879/983/293
f 875/937/294 873/966/294 874/925/294 876/924/294
f 880/981/295 878/982/295 873/951/295 875/983/295
f 879/955/296 877/923/296 878/985/296 880/956/296
f 878/986/291 877/987/291 874/965/291 873/964/291
f 879/986/292 880/987/292 875/965/292 876/964/292
f 884/924/313 882/925/313 885/887/313 887/926/313
f 883/924/314 881/925/314 882/887/314 884/926/314
f 888/988/315 886/950/315 881/989/315 883/990/315
f 887/982/316 885/973/316 886/945/316 888/991/316
f 886/922/291 885/964/291 882/956/291 881/985/291
f 887/964/292 888/922/292 883/985/292 884/956/292
f 892/961/317 890/956/317 893/962/317 895/963/317
f 891/982/318 889/973/318 890/945/318 892/991/318
f 896/961/319 894/956/319 889/962/319 891/963/319
f 895/897/320 893/898/320 894/899/320 896/900/320
f 894/892/291 893/992/291 890/993/291 889/968/291
f 895/892/292 896/992/292 891/993/292 892/968/292
f 900/926/294 898/896/294 901/895/294 903/994/294
f 899/891/295 897/892/295 898/893/295 900/894/295
f 904/994/296 902/895/296 897/896/296 899/926/296
f 903/988/293 901/950/293 902/989/293 904/990/293
f 902/995/291 901/942/291 898/941/291 897/948/291
f 903/995/292 904/942/292 899/941/292 900/948/292
f 800/904/290 799/903/290 907/902/290 908/901/290
f 800/996/292 908/914/292 905/997/292 798/998/292
o COUPLED_REAR_3_HIDE
v 5.000000 0.439063 -0.078125
v 5.125000 0.439063 -0.078125
v 5.000000 0.310938 -0.078125
v 5.125000 0.310938 -0.078125
v 5.125000 0.439063 0.046875
v 5.000000 0.439063 0.046875
v 5.125000 0.310938 0.046875
v 5.000000 0.310938 0.046875
v 4.687500 0.437500 -0.125000
v 4.687500 0.312500 -0.125000
v 4.687500 0.437500 0.125000
v 4.687500 0.312500 0.125000
v 4.750000 0.500000 -0.125000
v 4.875000 0.500000 -0.125000
v 4.750000 0.250000 -0.125000
v 4.875000 0.250000 -0.125000
v 4.875000 0.500000 0.125000
v 4.750000 0.500000 0.125000
v 4.875000 0.250000 0.125000
v 4.750000 0.250000 0.125000
v 4.875000 0.500000 -0.125000
v 4.937500 0.500000 -0.125000
v 4.875000 0.250000 -0.125000
v 4.937500 0.250000 -0.125000
v 4.937500 0.500000 -0.062500
v 4.875000 0.500000 -0.062500
v 4.937500 0.250000 -0.062500
v 4.875000 0.250000 -0.062500
v 4.937500 0.500000 -0.187500
v 4.981694 0.500000 -0.143306
v 4.937500 0.250000 -0.187500
v 4.981694 0.250000 -0.143306
v 4.875628 0.500000 -0.037240
v 4.831434 0.500000 -0.081434
v 4.875628 0.250000 -0.037240
v 4.831434 0.250000 -0.081434
v 4.641747 0.437500 -0.125000
v 4.750000 0.500000 -0.125000
v 4.672997 0.383374 -0.125000
v 4.781250 0.445874 -0.125000
v 4.750000 0.500000 0.125000
v 4.641747 0.437500 0.125000
v 4.781250 0.445874 0.125000
v 4.672997 0.383374 0.125000
v 4.672997 0.366626 -0.125000
v 4.781250 0.304126 -0.125000
v 4.641747 0.312500 -0.125000
v 4.750000 0.250000 -0.125000
v 4.781250 0.304126 0.125000
v 4.672997 0.366626 0.125000
v 4.750000 0.250000 0.125000
v 4.641747 0.312500 0.125000
v 4.875000 0.437500 -0.187500
v 4.937500 0.437500 -0.187500
v 4.875000 0.312500 -0.187500
v 4.937500 0.312500 -0.187500
v 4.937500 0.437500 -0.125000
v 4.875000 0.437500 -0.125000
v 4.937500 0.312500 -0.125000
v 4.875000 0.312500 -0.125000
v 4.937500 0.500000 -0.187500
v 5.060601 0.500000 -0.165794
v 4.937500 0.250000 -0.187500
v 5.060601 0.250000 -0.165794
v 5.038895 0.500000 -0.042693
v 4.915794 0.500000 -0.064399
v 5.038895 0.250000 -0.042693
v 4.915794 0.250000 -0.064399
v 4.875000 0.500000 0.187500
v 5.062500 0.500000 0.187500
v 4.875000 0.312500 0.187500
v 5.062500 0.312500 0.187500
v 5.062500 0.500000 0.250000
v 4.875000 0.500000 0.250000
v 5.062500 0.312500 0.250000
v 4.875000 0.312500 0.250000
v 4.892972 0.500000 0.148399
v 5.076027 0.500000 0.188981
v 4.892972 0.250000 0.148399
v 5.076027 0.250000 0.188981
v 5.062500 0.500000 0.250000
v 4.879445 0.500000 0.209417
v 5.062500 0.250000 0.250000
v 4.879445 0.250000 0.209417
v 4.835250 0.500000 0.076835
v 4.923638 0.500000 0.165223
v 4.835250 0.250000 0.076835
v 4.923638 0.250000 0.165223
v 4.879445 0.500000 0.209417
v 4.791056 0.500000 0.121029
v 4.879445 0.250000 0.209417
v 4.791056 0.250000 0.121029
v 4.699151 0.437500 0.014928
v 4.933684 0.437500 0.139631
v 4.699151 0.312500 0.014928
v 4.933684 0.312500 0.139631
v 4.875000 0.437500 0.250000
v 4.640467 0.437500 0.125297
v 4.875000 0.312500 0.250000
v 4.640467 0.312500 0.125297
v 4.633519 0.437500 -0.122795
v 4.875000 0.437500 -0.187500
v 4.633519 0.312500 -0.122795
v 4.875000 0.312500 -0.187500
v 4.891176 0.437500 -0.127130
v 4.649695 0.437500 -0.062425
v 4.891176 0.312500 -0.127130
v 4.649695 0.312500 -0.062425
v 4.948223 0.437500 -0.078125
v 5.036612 0.437500 -0.166514
v 4.948223 0.312500 -0.078125
v 5.036612 0.312500 -0.166514
v 5.125000 0.437500 -0.078125
v 5.036612 0.437500 0.010263
v 5.125000 0.312500 -0.078125
v 5.036612 0.312500 0.010263
v 4.500000 0.312500 -0.125000
v 4.500000 0.437500 -0.125000
v 4.500000 0.437500 0.125000
v 4.500000 0.312500 0.125000
vn 1.0000 -0.0000 -0.0000
vn -0.0000 -0.0000 -1.0000
vn -1.0000 -0.0000 -0.0000
vn -0.0000 -0.0000 1.0000
vn -0.0000 1.0000 -0.0000
vn -0.0000 -1.0000 -0.0000
vn 0.7071 -0.0000 0.7071
vn 0.7071 -0.0000 -0.7071
vn -0.7071 -0.0000 -0.7071
vn -0.7071 -0.0000 0.7071
vn 0.8660 0.5000 -0.0000
vn -0.8660 -0.5000 -0.0000
vn -0.5000 0.8660 -0.0000
vn 0.5000 -0.8660 -0.0000
vn 0.8660 -0.5000 -0.0000
vn -0.8660 0.5000 -0.0000
vn 0.5000 0.8660 -0.0000
vn -0.5000 -0.8660 -0.0000
vn 0.9848 -0.0000 0.1736
vn 0.1736 -0.0000 -0.9848
vn -0.9848 -0.0000 -0.1736
vn -0.1736 -0.0000 0.9848
vn 0.9763 -0.0000 0.2164
vn 0.2164 -0.0000 -0.9763
vn -0.9763 -0.0000 -0.2164
vn -0.2164 -0.0000 0.9763
vn 0.8829 -0.0000 0.4695
vn 0.4695 -0.0000 -0.8829
vn -0.8829 -0.0000 -0.4695
vn -0.4695 -0.0000 0.8829
vn 0.9659 -0.0000 -0.2588
vn -0.2588 -0.0000 -0.9659
vn -0.9659 -0.0000 0.2588
vn 0.2588 -0.0000 0.9659
vt 0.468750 0.937500
vt 0.468750 1.000000
vt 0.531250 1.000000
vt 0.531250 0.937500
vt 0.031250 0.468750
vt 0.031250 0.531250
vt 0.093750 0.531250
vt 0.093750 0.468750
vt 0.531250 0.875000
vt 0.468750 0.875000
vt 0.093750 0.687500
vt 0.093750 0.750000
vt 0.218750 0.750000
vt 0.218750 0.687500
vt 0.250000 0.687500
vt 0.250000 0.750000
vt 0.343750 0.750000
vt 0.343750 0.687500
vt 0.125000 0.968750
vt 0.125000 0.875000
vt 0.000000 0.875000
vt 0.000000 0.968750
vt 0.000000 0.750000
vt 0.125000 0.750000
vt 0.093750 0.562500
vt 0.156250 0.687500
vt 0.156250 0.562500
vt 0.125000 1.000000
vt 0.250000 1.000000
vt 0.250000 0.875000
vt 0.312500 0.781250
vt 0.312500 0.906250
vt 0.375000 0.906250
vt 0.375000 0.781250
vt 0.281250 0.687500
vt 0.281250 0.625000
vt 0.156250 0.625000
vt 0.437500 0.812500
vt 0.437500 0.937500
vt 0.468750 0.812500
vt 0.093750 0.437500
vt 0.125000 0.562500
vt 0.125000 0.437500
vt 0.156250 0.437500
vt 0.343750 0.781250
vt 0.312500 0.750000
vt 0.281250 0.562500
vt 0.343750 0.562500
vt 0.312500 0.875000
vt 0.250000 0.906250
vt 0.375000 0.812500
vt 0.500000 0.812500
vt 0.500000 0.781250
vt 0.468750 0.687500
vt 0.468750 0.718750
vt 0.531250 0.718750
vt 0.531250 0.687500
vt 0.468750 0.656250
vt 0.531250 0.656250
vt 0.343750 0.937500
vt 0.343750 1.000000
vt 0.468750 0.781250
vt 0.343750 0.718750
vt 0.437500 0.562500
vt 0.437500 0.593750
vt 0.562500 0.593750
vt 0.562500 0.562500
vt 0.156250 0.468750
vt 0.156250 0.500000
vt 0.218750 0.500000
vt 0.218750 0.468750
vt 0.562500 0.812500
vt 0.562500 0.781250
vt 0.343750 0.656250
vt 0.218750 0.437500
vt 0.250000 0.500000
vt 0.250000 0.437500
vt 0.281250 0.500000
vt 0.281250 0.437500
vt 0.375000 0.937500
vt 0.343750 0.906250
vt 0.000000 0.531250
vt 0.000000 0.656250
vt 0.062500 0.656250
vt 0.062500 0.531250
vt 0.343750 0.531250
vt 0.406250 0.656250
vt 0.406250 0.531250
vt 0.343750 0.500000
vt 0.093750 0.656250
vt 0.406250 0.437500
vt 0.375000 0.437500
vt 0.375000 0.531250
vt 0.218750 0.875000
vt 0.406250 0.468750
vt 0.406250 0.593750
vt 0.437500 0.468750
vt 0.343750 0.437500
vt 0.218750 0.625000
vt 0.312500 0.500000
vt 0.312500 0.437500
vt 0.437500 0.500000
vt 0.500000 0.562500
vt 0.500000 0.500000
vt 0.531250 0.593750
vt 0.031250 0.406250
vt 0.000000 0.406250
vt 0.531250 0.812500
vt 0.531250 0.781250
vt 0.125000 0.906250
vt 0.000000 1.000000
vt 0.000000 0.906250
s 0
usemtl knuckle
f 912/999/321 910/1000/321 913/1001/321 915/1002/321
f 911/1003/322 909/1004/322 910/1005/322 912/1006/322
f 916/1002/323 914/1001/323 909/1000/323 911/999/323
f 915/1003/324 913/1004/324 914/1005/324 916/1006/324
f 914/1002/325 913/1007/325 910/1008/325 909/999/325
f 915/1002/326 916/1007/326 911/1008/326 912/999/326
f 918/1009/321 917/1010/321 919/1011/321 920/1012/321
f 1025/1013/322 1026/1014/322 917/1015/322 918/1016/322
f 1027/1017/325 919/1018/325 917/1019/325 1026/1020/325
f 924/1021/321 922/1019/321 925/1018/321 927/1022/321
f 923/1023/322 921/1009/322 922/1024/322 924/1025/322
f 928/1018/323 926/1026/323 921/1027/323 923/1028/323
f 927/1029/324 925/1030/324 926/1031/324 928/1032/324
f 926/1033/325 925/1034/325 922/1035/325 921/1024/325
f 927/1034/326 928/1033/326 923/1024/326 924/1035/326
f 932/1036/321 930/1037/321 933/999/321 935/1038/321
f 931/1039/322 929/1023/322 930/1040/322 932/1041/322
f 936/1039/323 934/1023/323 929/1040/323 931/1041/323
f 935/1041/324 933/1040/324 934/1025/324 936/1042/324
f 934/1043/325 933/1015/325 930/1044/325 929/1029/325
f 935/1015/326 936/1043/326 931/1029/326 932/1044/326
f 940/1041/327 938/1040/327 941/1025/327 943/1042/327
f 939/1039/328 937/1023/328 938/1040/328 940/1041/328
f 944/1045/329 942/1033/329 937/1016/329 939/1046/329
f 943/1039/330 941/1023/330 942/1040/330 944/1041/330
f 942/1030/325 941/1047/325 938/1028/325 937/1048/325
f 943/1030/326 944/1047/326 939/1028/326 940/1048/326
f 948/1032/331 946/1049/331 949/1050/331 951/1051/331
f 947/1052/322 945/1053/322 946/1054/322 948/1055/322
f 952/1032/332 950/1049/332 945/1050/332 947/1051/332
f 951/1056/324 949/1052/324 950/1055/324 952/1057/324
f 950/1000/333 949/999/333 946/1058/333 945/1059/333
f 951/1053/334 952/1060/334 947/1043/334 948/1061/334
f 956/1062/335 954/1063/335 957/1064/335 959/1065/335
f 955/1066/322 953/1067/322 954/1068/322 956/1069/322
f 960/1062/336 958/1063/336 953/1064/336 955/1065/336
f 959/1051/324 957/1050/324 958/1070/324 960/1071/324
f 958/1053/337 957/1056/337 954/1072/337 953/1061/337
f 959/1000/338 960/999/338 955/1058/338 956/1059/338
f 964/1073/321 962/1068/321 965/1074/321 967/1075/321
f 963/1075/322 961/1074/322 962/1076/322 964/1077/322
f 968/1073/323 966/1068/323 961/1074/323 963/1075/323
f 967/1073/324 965/1068/324 966/1074/324 968/1075/324
f 966/1078/325 965/1031/325 962/1079/325 961/1058/325
f 967/1031/326 968/1078/326 963/1058/326 964/1079/326
f 972/1080/339 970/1081/339 973/1082/339 975/1083/339
f 971/1084/340 969/1072/340 970/1085/340 972/1086/340
f 976/1036/341 974/1037/341 969/999/341 971/1038/341
f 975/1086/342 973/1085/342 974/1072/342 976/1084/342
f 974/1046/325 973/1087/325 970/1076/325 969/1045/325
f 975/1087/326 976/1046/326 971/1045/326 972/1076/326
f 980/1073/321 978/1068/321 981/1074/321 983/1075/321
f 979/1081/322 977/1021/322 978/1010/322 980/1088/322
f 984/1073/323 982/1068/323 977/1074/323 979/1075/323
f 983/1048/324 981/1027/324 982/1059/324 984/1079/324
f 982/1086/325 981/1089/325 978/1090/325 977/1091/325
f 983/1086/326 984/1089/326 979/1090/326 980/1091/326
f 988/1083/343 986/1082/343 989/1088/343 991/1005/343
f 987/1022/344 985/1018/344 986/1092/344 988/1011/344
f 992/1093/345 990/1094/345 985/1063/345 987/1095/345
f 991/1011/346 989/1092/346 990/1047/346 992/1044/346
f 990/1091/325 989/1090/325 986/1096/325 985/1084/325
f 991/1091/326 992/1090/326 987/1096/326 988/1084/326
f 996/1093/327 994/1094/327 997/1063/327 999/1095/327
f 995/1049/328 993/1078/328 994/1037/328 996/1036/328
f 1000/1093/329 998/1094/329 993/1063/329 995/1095/329
f 999/1067/330 997/1035/330 998/1097/330 1000/1068/330
f 998/1098/325 997/1099/325 994/1077/325 993/1076/325
f 999/1098/326 1000/1099/326 995/1077/326 996/1076/326
f 1004/1036/347 1002/1037/347 1005/999/347 1007/1038/347
f 1003/1036/348 1001/1037/348 1002/999/348 1004/1038/348
f 1008/1100/349 1006/1062/349 1001/1101/349 1003/1102/349
f 1007/1094/350 1005/1085/350 1006/1057/350 1008/1103/350
f 1006/1034/325 1005/1076/325 1002/1068/325 1001/1097/325
f 1007/1076/326 1008/1034/326 1003/1097/326 1004/1068/326
f 1012/1073/351 1010/1068/351 1013/1074/351 1015/1075/351
f 1011/1094/352 1009/1085/352 1010/1057/352 1012/1103/352
f 1016/1073/353 1014/1068/353 1009/1074/353 1011/1075/353
f 1015/1009/354 1013/1010/354 1014/1011/354 1016/1012/354
f 1014/1004/325 1013/1104/325 1010/1105/325 1009/1080/325
f 1015/1004/326 1016/1104/326 1011/1105/326 1012/1080/326
f 1020/1038/328 1018/1008/328 1021/1007/328 1023/1106/328
f 1019/1003/329 1017/1004/329 1018/1005/329 1020/1006/329
f 1024/1106/330 1022/1007/330 1017/1008/330 1019/1038/330
f 1023/1100/327 1021/1062/327 1022/1101/327 1024/1102/327
f 1022/1107/325 1021/1054/325 1018/1053/325 1017/1060/325
f 1023/1107/326 1024/1054/326 1019/1053/326 1020/1060/326
f 920/1016/324 919/1015/324 1027/1014/324 1028/1013/324
f 920/1108/326 1028/1026/326 1025/1109/326 918/1110/326
o WHEEL_DRIVER_3
v 2.687500 0.687500 0.812500
v 2.750000 0.625000 0.812500
v 2.750000 0.875000 0.812500
v 2.687500 0.812500 0.812500
v 2.875000 0.625000 0.812500
v 2.937500 0.687500 0.812500
v 2.937500 0.812500 0.812500
v 2.875000 0.875000 0.812500
v 2.000000 0.375000 -0.000000
v 2.437500 -0.062500 -0.000000
v 3.187500 -0.062500 -0.000000
v 3.625000 0.375000 -0.000000
v 2.437500 1.562500 -0.000000
v 2.000000 1.125000 -0.000000
v 3.625000 1.125000 -0.000000
v 3.187500 1.562500 -0.000000
v 2.187500 0.437500 -0.000000
v 2.187500 1.062500 -0.000000
v 3.437500 0.437500 -0.000000
v 3.437500 1.062500 -0.000000
v 2.500000 1.375000 -0.000000
v 3.125000 1.375000 -0.000000
v 2.500000 0.125000 -0.000000
v 3.125000 0.125000 -0.000000
v 2.750000 0.625000 -0.812500
v 2.687500 0.687500 -0.812500
v 2.937500 0.687500 -0.812500
v 2.875000 0.625000 -0.812500
v 2.687500 0.812500 -0.812500
v 2.750000 0.875000 -0.812500
v 2.875000 0.875000 -0.812500
v 2.937500 0.812500 -0.812500
v 2.687500 0.625000 0.937500
v 2.625000 1.250000 0.937500
v 2.687500 0.625000 0.812500
v 2.625000 1.250000 0.812500
v 2.937500 0.625000 0.937500
v 3.000000 1.250000 0.937500
v 2.937500 0.625000 0.812500
v 3.000000 1.250000 0.812500
v 2.812500 1.312500 0.812500
v 2.812500 1.312500 0.937500
v 2.781250 1.156250 1.031250
v 2.781250 1.218750 1.031250
v 2.781250 1.156250 0.906250
v 2.781250 1.218750 0.906250
v 2.843750 1.156250 1.031250
v 2.843750 1.218750 1.031250
v 2.843750 1.156250 0.906250
v 2.843750 1.218750 0.906250
v 2.687500 0.625000 -0.937500
v 3.312500 0.562500 -0.937500
v 2.687500 0.625000 -0.812500
v 3.312500 0.562500 -0.812500
v 2.687500 0.875000 -0.937500
v 3.312500 0.937500 -0.937500
v 2.687500 0.875000 -0.812500
v 3.312500 0.937500 -0.812500
v 3.375000 0.750000 -0.812500
v 3.375000 0.750000 -0.937500
v 3.218750 0.718750 -1.031250
v 3.281250 0.718750 -1.031250
v 3.218750 0.718750 -0.906250
v 3.281250 0.718750 -0.906250
v 3.218750 0.781250 -1.031250
v 3.281250 0.781250 -1.031250
v 3.218750 0.781250 -0.906250
v 3.281250 0.781250 -0.906250
vn 0.9239 -0.3827 -0.0000
vn 0.9239 0.3827 -0.0000
vn -0.9239 0.3827 -0.0000
vn -0.3827 0.9239 -0.0000
vn 0.3827 0.9239 -0.0000
vn 0.3827 -0.9239 -0.0000
vn -0.3827 -0.9239 -0.0000
vn -0.9239 -0.3827 -0.0000
vn -0.0000 -0.0000 1.0000
vn 0.3162 0.9487 -0.0000
vn -0.9950 -0.0995 -0.0000
vn -0.0000 -0.0000 -1.0000
vn 0.9950 -0.0995 -0.0000
vn -0.0000 -1.0000 -0.0000
vn -0.3162 0.9487 -0.0000
vn -0.7071 -0.7071 -0.0000
vn -0.7071 0.7071 -0.0000
vn 0.7071 -0.7071 -0.0000
vn 0.7071 0.7071 -0.0000
vn 0.9487 0.3162 -0.0000
vn -0.0995 -0.9950 -0.0000
vn -0.0995 0.9950 -0.0000
vn -1.0000 -0.0000 -0.0000
vn 0.9487 -0.3162 -0.0000
vt 1.000000 0.156250
vt 1.000000 0.187500
vt 0.593750 0.187500
vt 0.593750 0.156250
vt 1.000000 0.062500
vt 0.593750 0.062500
vt 0.593750 0.046875
vt 1.000000 0.046875
vt 0.593750 0.000000
vt 1.000000 0.000000
vt 1.000000 0.015625
vt 0.593750 0.015625
vt 0.593750 0.140625
vt 1.000000 0.140625
vt 1.000000 0.046875
vt 0.593750 0.046875
vt 1.000000 0.109375
vt 1.000000 0.140625
vt 0.593750 0.140625
vt 0.593750 0.109375
vt 1.000000 0.093750
vt 0.593750 0.093750
vt 0.031250 0.968750
vt 0.593750 0.093750
vt 1.000000 0.093750
vt 0.437500 0.468750
vt 0.390625 0.484375
vt 0.359375 0.312500
vt 0.343750 0.468750
vt 0.421875 0.312500
vt 0.359375 0.328125
vt 0.421875 0.328125
vt 0.968750 0.203125
vt 0.968750 0.218750
vt 1.000000 0.218750
vt 1.000000 0.203125
vt 1.000000 0.234375
vt 0.968750 0.234375
vt 0.968750 0.250000
vt 0.953125 0.250000
vt 0.953125 0.234375
vt 1.000000 0.265625
vt 1.000000 0.250000
vt 0.968750 0.265625
vt 0.437500 0.468750
vt 0.390625 0.484375
vt 0.390625 0.484375
vt 0.437500 0.468750
vt 0.359375 0.312500
vt 0.343750 0.468750
vt 0.359375 0.312500
vt 0.421875 0.312500
vt 0.359375 0.328125
vt 0.421875 0.328125
s 1
usemtl Wheel
f 1055/1111/355 1060/1112/356 1035/1113/356 1034/1114/355
f 1057/1115/357 1032/1116/357 1031/1117/358 1058/1118/358
f 1035/1119/356 1060/1120/356 1059/1121/359 1036/1122/359
f 1055/1111/355 1034/1114/355 1033/1123/360 1056/1124/360
f 1036/1122/359 1059/1121/359 1058/1125/358 1031/1126/358
f 1053/1127/361 1056/1128/360 1033/1129/360 1030/1130/361
f 1032/1116/357 1057/1115/357 1054/1131/362 1029/1132/362
f 1029/1134/362 1054/1135/362 1053/1127/361 1030/1130/361
f 1068/1136/364 1069/1137/364 1070/1137/364 1066/1136/364
f 1061/1138/365 1062/1139/365 1064/1139/365 1063/1138/365
f 1063/1138/366 1064/1139/366 1069/1137/366 1068/1136/366 1067/1140/366
f 1067/1140/367 1068/1136/367 1066/1136/367 1065/1140/367
f 1065/1140/363 1066/1136/363 1070/1137/363 1062/1139/363 1061/1138/363
f 1063/1141/368 1067/1142/368 1065/1140/368 1061/1138/368
f 1069/1137/369 1064/1139/369 1062/1139/369 1070/1137/369
f 1071/1143/370 1072/1144/371 1074/1145/371 1073/1146/370
f 1077/1145/372 1078/1147/373 1076/1148/373 1075/1144/372
f 1075/1148/363 1076/1149/363 1072/1150/363 1071/1151/363
f 1073/1152/370 1077/1153/372 1075/1149/372 1071/1154/370
f 1078/1147/373 1074/1153/371 1072/1149/371 1076/1148/373
f 1086/1155/374 1087/1156/374 1088/1157/374 1084/1158/374
f 1079/1159/375 1080/1160/375 1082/1139/375 1081/1161/375
f 1081/1161/363 1082/1139/363 1087/1156/363 1086/1155/363 1085/1162/363
f 1085/1162/376 1086/1155/376 1084/1158/376 1083/1162/376
f 1083/1162/366 1084/1158/366 1088/1157/366 1080/1160/366 1079/1159/366
f 1081/1163/377 1085/1164/377 1083/1162/377 1079/1159/377
f 1087/1156/378 1082/1139/378 1080/1160/378 1088/1157/378
f 1089/1152/370 1090/1153/372 1092/1149/372 1091/1154/370
f 1095/1144/371 1096/1143/373 1094/1146/373 1093/1145/371
f 1093/1150/366 1094/1149/366 1090/1148/366 1089/1151/366
f 1091/1148/370 1095/1149/371 1093/1153/371 1089/1147/370
f 1096/1148/373 1092/1144/372 1090/1145/372 1094/1147/373
usemtl Coupler
f 1042/1133/363 1037/1133/363 1045/1133/363 1046/1133/363
f 1040/1133/363 1043/1133/363 1048/1133/363 1047/1133/363
f 1044/1133/363 1041/1133/363 1049/1133/363 1050/1133/363
f 1038/1133/363 1039/1133/363 1052/1133/363 1051/1133/363
f 1039/1133/363 1040/1133/363 1047/1133/363 1052/1133/363
f 1038/1133/363 1051/1133/363 1045/1133/363 1037/1133/363
f 1041/1133/363 1042/1133/363 1046/1133/363 1049/1133/363
f 1044/1133/363 1050/1133/363 1048/1133/363 1043/1133/363
o WHEEL_DRIVER_4
v -0.125000 0.687500 0.812500
v -0.062500 0.625000 0.812500
v -0.062500 0.875000 0.812500
v -0.125000 0.812500 0.812500
v 0.062500 0.625000 0.812500
v 0.125000 0.687500 0.812500
v 0.125000 0.812500 0.812500
v 0.062500 0.875000 0.812500
v -0.812500 0.375000 -0.000000
v -0.375000 -0.062500 -0.000000
v 0.375000 -0.062500 -0.000000
v 0.812500 0.375000 -0.000000
v -0.375000 1.562500 -0.000000
v -0.812500 1.125000 -0.000000
v 0.812500 1.125000 -0.000000
v 0.375000 1.562500 -0.000000
v -0.625000 0.437500 -0.000000
v -0.625000 1.062500 -0.000000
v 0.625000 0.437500 -0.000000
v 0.625000 1.062500 -0.000000
v -0.312500 1.375000 -0.000000
v 0.312500 1.375000 -0.000000
v -0.312500 0.125000 -0.000000
v 0.312500 0.125000 -0.000000
v -0.062500 0.625000 -0.812500
v -0.125000 0.687500 -0.812500
v 0.125000 0.687500 -0.812500
v 0.062500 0.625000 -0.812500
v -0.125000 0.812500 -0.812500
v -0.062500 0.875000 -0.812500
v 0.062500 0.875000 -0.812500
v 0.125000 0.812500 -0.812500
v -0.125000 0.625000 0.937500
v -0.187500 1.250000 0.937500
v -0.125000 0.625000 0.812500
v -0.187500 1.250000 0.812500
v 0.125000 0.625000 0.937500
v 0.187500 1.250000 0.937500
v 0.125000 0.625000 0.812500
v 0.187500 1.250000 0.812500
v 0.000000 1.312500 0.812500
v 0.000000 1.312500 0.937500
v -0.031250 1.156250 1.031250
v -0.031250 1.218750 1.031250
v -0.031250 1.156250 0.906250
v -0.031250 1.218750 0.906250
v 0.031250 1.156250 1.031250
v 0.031250 1.218750 1.031250
v 0.031250 1.156250 0.906250
v 0.031250 1.218750 0.906250
v -0.125000 0.625000 -0.937500
v 0.500000 0.562500 -0.937500
v -0.125000 0.625000 -0.812500
v 0.500000 0.562500 -0.812500
v -0.125000 0.875000 -0.937500
v 0.500000 0.937500 -0.937500
v -0.125000 0.875000 -0.812500
v 0.500000 0.937500 -0.812500
v 0.562500 0.750000 -0.812500
v 0.562500 0.750000 -0.937500
v 0.406250 0.718750 -1.031250
v 0.468750 0.718750 -1.031250
v 0.406250 0.718750 -0.906250
v 0.468750 0.718750 -0.906250
v 0.406250 0.781250 -1.031250
v 0.468750 0.781250 -1.031250
v 0.406250 0.781250 -0.906250
v 0.468750 0.781250 -0.906250
vn 0.9239 -0.3827 -0.0000
vn 0.9239 0.3827 -0.0000
vn -0.9239 0.3827 -0.0000
vn -0.3827 0.9239 -0.0000
vn 0.3827 0.9239 -0.0000
vn 0.3827 -0.9239 -0.0000
vn -0.3827 -0.9239 -0.0000
vn -0.9239 -0.3827 -0.0000
vn -0.0000 -0.0000 1.0000
vn 0.3162 0.9487 -0.0000
vn -0.9950 -0.0995 -0.0000
vn -0.0000 -0.0000 -1.0000
vn 0.9950 -0.0995 -0.0000
vn -0.0000 -1.0000 -0.0000
vn -0.3162 0.9487 -0.0000
vn -0.7071 -0.7071 -0.0000
vn -0.7071 0.7071 -0.0000
vn 0.7071 -0.7071 -0.0000
vn 0.7071 0.7071 -0.0000
vn 0.9487 0.3162 -0.0000
vn -0.0995 -0.9950 -0.0000
vn -0.0995 0.9950 -0.0000
vn -1.0000 -0.0000 -0.0000
vn 0.9487 -0.3162 -0.0000
vt 1.000000 0.156250
vt 1.000000 0.187500
vt 0.593750 0.187500
vt 0.593750 0.156250
vt 1.000000 0.062500
vt 0.593750 0.062500
vt 0.593750 0.046875
vt 1.000000 0.046875
vt 0.593750 0.000000
vt 1.000000 0.000000
vt 1.000000 0.015625
vt 0.593750 0.015625
vt 0.593750 0.140625
vt 1.000000 0.140625
vt 1.000000 0.046875
vt 0.593750 0.046875
vt 1.000000 0.109375
vt 1.000000 0.140625
vt 0.593750 0.140625
vt 0.593750 0.109375
vt 1.000000 0.093750
vt 0.593750 0.093750
vt 0.031250 0.968750
vt 0.593750 0.093750
vt 1.000000 0.093750
vt 0.437500 0.468750
vt 0.390625 0.484375
vt 0.359375 0.312500
vt 0.343750 0.468750
vt 0.421875 0.312500
vt 0.359375 0.328125
vt 0.421875 0.328125
vt 0.968750 0.203125
vt 0.968750 0.218750
vt 1.000000 0.218750
vt 1.000000 0.203125
vt 1.000000 0.234375
vt 0.968750 0.234375
vt 0.968750 0.250000
vt 0.953125 0.250000
vt 0.953125 0.234375
vt 1.000000 0.265625
vt 1.000000 0.250000
vt 0.968750 0.265625
vt 0.437500 0.468750
vt 0.390625 0.484375
vt 0.390625 0.484375
vt 0.437500 0.468750
vt 0.359375 0.312500
vt 0.343750 0.468750
vt 0.359375 0.312500
vt 0.421875 0.312500
vt 0.359375 0.328125
vt 0.421875 0.328125
s 1
usemtl Wheel
f 1123/1165/379 1128/1166/380 1103/1167/380 1102/1168/379
f 1125/1169/381 1100/1170/381 1099/1171/382 1126/1172/382
f 1103/1173/380 1128/1174/380 1127/1175/383 1104/1176/383
f 1123/1165/379 1102/1168/379 1101/1177/384 1124/1178/384
f 1104/1176/383 1127/1175/383 1126/1179/382 1099/1180/382
f 1121/1181/385 1124/1182/384 1101/1183/384 1098/1184/385
f 1100/1170/381 1125/1169/381 1122/1185/386 1097/1186/386
f 1097/1188/386 1122/1189/386 1121/1181/385 1098/1184/385
f 1136/1190/388 1137/1191/388 1138/1191/388 1134/1190/388
f 1129/1192/389 1130/1193/389 1132/1193/389 1131/1192/389
f 1131/1192/390 1132/1193/390 1137/1191/390 1136/1190/390 1135/1194/390
f 1135/1194/391 1136/1190/391 1134/1190/391 1133/1194/391
f 1133/1194/387 1134/1190/387 1138/1191/387 1130/1193/387 1129/1192/387
f 1131/1195/392 1135/1196/392 1133/1194/392 1129/1192/392
f 1137/1191/393 1132/1193/393 1130/1193/393 1138/1191/393
f 1139/1197/394 1140/1198/395 1142/1199/395 1141/1200/394
f 1145/1199/396 1146/1201/397 1144/1202/397 1143/1198/396
f 1143/1202/387 1144/1203/387 1140/1204/387 1139/1205/387
f 1141/1206/394 1145/1207/396 1143/1203/396 1139/1208/394
f 1146/1201/397 1142/1207/395 1140/1203/395 1144/1202/397
f 1154/1209/398 1155/1210/398 1156/1211/398 1152/1212/398
f 1147/1213/399 1148/1214/399 1150/1193/399 1149/1215/399
f 1149/1215/387 1150/1193/387 1155/1210/387 1154/1209/387 1153/1216/387
f 1153/1216/400 1154/1209/400 1152/1212/400 1151/1216/400
f 1151/1216/390 1152/1212/390 1156/1211/390 1148/1214/390 1147/1213/390
f 1149/1217/401 1153/1218/401 1151/1216/401 1147/1213/401
f 1155/1210/402 1150/1193/402 1148/1214/402 1156/1211/402
f 1157/1206/394 1158/1207/396 1160/1203/396 1159/1208/394
f 1163/1198/395 1164/1197/397 1162/1200/397 1161/1199/395
f 1161/1204/390 1162/1203/390 1158/1202/390 1157/1205/390
f 1159/1202/394 1163/1203/395 1161/1207/395 1157/1201/394
f 1164/1202/397 1160/1198/396 1158/1199/396 1162/1201/397
usemtl Coupler
f 1110/1187/387 1105/1187/387 1113/1187/387 1114/1187/387
f 1108/1187/387 1111/1187/387 1116/1187/387 1115/1187/387
f 1112/1187/387 1109/1187/387 1117/1187/387 1118/1187/387
f 1106/1187/387 1107/1187/387 1120/1187/387 1119/1187/387
f 1107/1187/387 1108/1187/387 1115/1187/387 1120/1187/387
f 1106/1187/387 1119/1187/387 1113/1187/387 1105/1187/387
f 1109/1187/387 1110/1187/387 1114/1187/387 1117/1187/387
f 1112/1187/387 1118/1187/387 1116/1187/387 1111/1187/387
o WHEEL_DRIVER_5
v -2.937500 0.687500 0.812500
v -2.875000 0.625000 0.812500
v -2.875000 0.875000 0.812500
v -2.937500 0.812500 0.812500
v -2.750000 0.625000 0.812500
v -2.687500 0.687500 0.812500
v -2.687500 0.812500 0.812500
v -2.750000 0.875000 0.812500
v -3.625000 0.375000 -0.000000
v -3.187500 -0.062500 -0.000000
v -2.437500 -0.062500 -0.000000
v -2.000000 0.375000 -0.000000
v -3.187500 1.562500 -0.000000
v -3.625000 1.125000 -0.000000
v -2.000000 1.125000 -0.000000
v -2.437500 1.562500 -0.000000
v -3.437500 0.437500 -0.000000
v -3.437500 1.062500 -0.000000
v -2.187500 0.437500 -0.000000
v -2.187500 1.062500 -0.000000
v -3.125000 1.375000 -0.000000
v -2.500000 1.375000 -0.000000
v -3.125000 0.125000 -0.000000
v -2.500000 0.125000 -0.000000
v -2.875000 0.625000 -0.812500
v -2.937500 0.687500 -0.812500
v -2.687500 0.687500 -0.812500
v -2.750000 0.625000 -0.812500
v -2.937500 0.812500 -0.812500
v -2.875000 0.875000 -0.812500
v -2.750000 0.875000 -0.812500
v -2.687500 0.812500 -0.812500
v -2.937500 0.625000 0.937500
v -3.000000 1.250000 0.937500
v -2.937500 0.625000 0.812500
v -3.000000 1.250000 0.812500
v -2.687500 0.625000 0.937500
v -2.625000 1.250000 0.937500
v -2.687500 0.625000 0.812500
v -2.625000 1.250000 0.812500
v -2.812500 1.312500 0.812500
v -2.812500 1.312500 0.937500
v -2.843750 1.156250 1.031250
v -2.843750 1.218750 1.031250
v -2.843750 1.156250 0.906250
v -2.843750 1.218750 0.906250
v -2.781250 1.156250 1.031250
v -2.781250 1.218750 1.031250
v -2.781250 1.156250 0.906250
v -2.781250 1.218750 0.906250
v -2.937500 0.625000 -0.937500
v -2.312500 0.562500 -0.937500
v -2.937500 0.625000 -0.812500
v -2.312500 0.562500 -0.812500
v -2.937500 0.875000 -0.937500
v -2.312500 0.937500 -0.937500
v -2.937500 0.875000 -0.812500
v -2.312500 0.937500 -0.812500
v -2.250000 0.750000 -0.812500
v -2.250000 0.750000 -0.937500
v -2.406250 0.718750 -1.031250
v -2.343750 0.718750 -1.031250
v -2.406250 0.718750 -0.906250
v -2.343750 0.718750 -0.906250
v -2.406250 0.781250 -1.031250
v -2.343750 0.781250 -1.031250
v -2.406250 0.781250 -0.906250
v -2.343750 0.781250 -0.906250
vn 0.9239 -0.3827 -0.0000
vn 0.9239 0.3827 -0.0000
vn -0.9239 0.3827 -0.0000
vn -0.3827 0.9239 -0.0000
vn 0.3827 0.9239 -0.0000
vn 0.3827 -0.9239 -0.0000
vn -0.3827 -0.9239 -0.0000
vn -0.9239 -0.3827 -0.0000
vn -0.0000 -0.0000 1.0000
vn 0.3162 0.9487 -0.0000
vn -0.9950 -0.0995 -0.0000
vn -0.0000 -0.0000 -1.0000
vn 0.9950 -0.0995 -0.0000
vn -0.0000 -1.0000 -0.0000
vn -0.3162 0.9487 -0.0000
vn -0.7071 -0.7071 -0.0000
vn -0.7071 0.7071 -0.0000
vn 0.7071 -0.7071 -0.0000
vn 0.7071 0.7071 -0.0000
vn 0.9487 0.3162 -0.0000
vn -0.0995 -0.9950 -0.0000
vn -0.0995 0.9950 -0.0000
vn -1.0000 -0.0000 -0.0000
vn 0.9487 -0.3162 -0.0000
vt 1.000000 0.156250
vt 1.000000 0.187500
vt 0.593750 0.187500
vt 0.593750 0.156250
vt 1.000000 0.062500
vt 0.593750 0.062500
vt 0.593750 0.046875
vt 1.000000 0.046875
vt 0.593750 0.000000
vt 1.000000 0.000000
vt 1.000000 0.015625
vt 0.593750 0.015625
vt 0.593750 0.140625
vt 1.000000 0.140625
vt 1.000000 0.046875
vt 0.593750 0.046875
vt 1.000000 0.109375
vt 1.000000 0.140625
vt 0.593750 0.140625
vt 0.593750 0.109375
vt 1.000000 0.093750
vt 0.593750 0.093750
vt 0.031250 0.968750
vt 0.593750 0.093750
vt 1.000000 0.093750
vt 0.437500 0.468750
vt 0.390625 0.484375
vt 0.359375 0.312500
vt 0.343750 0.468750
vt 0.421875 0.312500
vt 0.359375 0.328125
vt 0.421875 0.328125
vt 0.968750 0.203125
vt 0.968750 0.218750
vt 1.000000 0.218750
vt 1.000000 0.203125
vt 1.000000 0.234375
vt 0.968750 0.234375
vt 0.968750 0.250000
vt 0.953125 0.250000
vt 0.953125 0.234375
vt 1.000000 0.265625
vt 1.000000 0.250000
vt 0.968750 0.265625
vt 0.437500 0.468750
vt 0.390625 0.484375
vt 0.390625 0.484375
vt 0.437500 0.468750
vt 0.359375 0.312500
vt 0.343750 0.468750
vt 0.359375 0.312500
vt 0.421875 0.312500
vt 0.359375 0.328125
vt 0.421875 0.328125
s 1
usemtl Wheel
f 1191/1219/403 1196/1220/404 1171/1221/404 1170/1222/403
f 1193/1223/405 1168/1224/405 1167/1225/406 1194/1226/406
f 1171/1227/404 1196/1228/404 1195/1229/407 1172/1230/407
f 1191/1219/403 1170/1222/403 1169/1231/408 1192/1232/408
f 1172/1230/407 1195/1229/407 1194/1233/406 1167/1234/406
f 1189/1235/409 1192/1236/408 1169/1237/408 1166/1238/409
f 1168/1224/405 1193/1223/405 1190/1239/410 1165/1240/410
f 1165/1242/410 1190/1243/410 1189/1235/409 1166/1238/409
f 1204/1244/412 1205/1245/412 1206/1245/412 1202/1244/412
f 1197/1246/413 1198/1247/413 1200/1247/413 1199/1246/413
f 1199/1246/414 1200/1247/414 1205/1245/414 1204/1244/414 1203/1248/414
f 1203/1248/415 1204/1244/415 1202/1244/415 1201/1248/415
f 1201/1248/411 1202/1244/411 1206/1245/411 1198/1247/411 1197/1246/411
f 1199/1249/416 1203/1250/416 1201/1248/416 1197/1246/416
f 1205/1245/417 1200/1247/417 1198/1247/417 1206/1245/417
f 1207/1251/418 1208/1252/419 1210/1253/419 1209/1254/418
f 1213/1253/420 1214/1255/421 1212/1256/421 1211/1252/420
f 1211/1256/411 1212/1257/411 1208/1258/411 1207/1259/411
f 1209/1260/418 1213/1261/420 1211/1257/420 1207/1262/418
f 1214/1255/421 1210/1261/419 1208/1257/419 1212/1256/421
f 1222/1263/422 1223/1264/422 1224/1265/422 1220/1266/422
f 1215/1267/423 1216/1268/423 1218/1247/423 1217/1269/423
f 1217/1269/411 1218/1247/411 1223/1264/411 1222/1263/411 1221/1270/411
f 1221/1270/424 1222/1263/424 1220/1266/424 1219/1270/424
f 1219/1270/414 1220/1266/414 1224/1265/414 1216/1268/414 1215/1267/414
f 1217/1271/425 1221/1272/425 1219/1270/425 1215/1267/425
f 1223/1264/426 1218/1247/426 1216/1268/426 1224/1265/426
f 1225/1260/418 1226/1261/420 1228/1257/420 1227/1262/418
f 1231/1252/419 1232/1251/421 1230/1254/421 1229/1253/419
f 1229/1258/414 1230/1257/414 1226/1256/414 1225/1259/414
f 1227/1256/418 1231/1257/419 1229/1261/419 1225/1255/418
f 1232/1256/421 1228/1252/420 1226/1253/420 1230/1255/421
usemtl Coupler
f 1178/1241/411 1173/1241/411 1181/1241/411 1182/1241/411
f 1176/1241/411 1179/1241/411 1184/1241/411 1183/1241/411
f 1180/1241/411 1177/1241/411 1185/1241/411 1186/1241/411
f 1174/1241/411 1175/1241/411 1188/1241/411 1187/1241/411
f 1175/1241/411 1176/1241/411 1183/1241/411 1188/1241/411
f 1174/1241/411 1187/1241/411 1181/1241/411 1173/1241/411
f 1177/1241/411 1178/1241/411 1182/1241/411 1185/1241/411
f 1180/1241/411 1186/1241/411 1184/1241/411 1179/1241/411
o FRAME
v 4.500000 0.187500 -0.750000
v 2.250000 0.187500 -0.750000
v 2.250000 0.187500 0.750000
v -2.250000 0.187500 -0.750000
v -2.250000 0.187500 0.750000
v 0.500000 0.187500 0.750000
v 0.500000 0.187500 -0.750000
v -0.500000 0.187500 -0.750000
v -0.500000 0.187500 0.750000
v 4.500000 0.187500 -0.187500
v 4.500000 0.187500 0.187500
v 4.500000 0.187500 0.437500
v 2.250000 0.500000 -0.750000
v 4.500000 0.500000 -0.750000
v 4.500000 0.500000 0.750000
v -2.250000 0.500000 0.750000
v 4.500000 0.500000 -0.187500
v -2.500000 2.250000 0.750000
v -2.500000 2.250000 -0.750000
v 4.500000 2.250000 0.750000
v 4.500000 2.250000 -0.750000
v 2.500000 0.187500 0.750000
v 2.500000 0.187500 -0.750000
v 2.500000 0.500000 -0.750000
v 2.500000 2.250000 -0.750000
v 2.500000 0.500000 0.750000
v 2.500000 2.250000 0.750000
v 2.250000 2.250000 0.750000
v 2.250000 2.250000 -0.750000
v 2.250000 0.500000 0.750000
v 0.500000 0.500000 -0.750000
v 0.500000 2.250000 0.750000
v 0.500000 2.250000 -0.750000
v 0.500000 0.500000 0.750000
v -0.500000 0.500000 -0.750000
v -0.500000 2.250000 0.750000
v -0.500000 2.250000 -0.750000
v -0.500000 0.500000 0.750000
v -2.250000 0.500000 -0.750000
v -2.250000 2.250000 0.750000
v -2.250000 2.250000 -0.750000
v -2.500000 2.312500 -0.437500
v 4.500000 0.500000 -0.437500
v 4.500000 2.312500 -0.437500
v 2.500000 2.312500 -0.437500
v 2.250000 2.312500 -0.437500
v 0.500000 2.312500 -0.437500
v -0.500000 2.312500 -0.437500
v -2.250000 2.312500 -0.437500
v 4.500000 2.312500 0.437500
v 2.500000 2.312500 0.437500
v 2.250000 2.312500 0.437500
v 0.500000 2.312500 0.437500
v -0.500000 2.312500 0.437500
v -2.250000 2.312500 0.437500
v -2.500000 2.312500 0.437500
v 4.500000 0.500000 0.437500
v 4.500000 0.500000 0.187500
v 4.500000 2.312500 0.187500
v 2.500000 2.312500 0.187500
v 2.250000 2.312500 0.187500
v 0.500000 2.312500 0.187500
v -0.500000 2.312500 0.187500
v -2.250000 2.312500 0.187500
v 4.500000 2.312500 -0.187500
v 2.500000 2.312500 -0.187500
v 2.250000 2.312500 -0.187500
v 0.500000 2.312500 -0.187500
v -0.500000 2.312500 -0.187500
v -2.250000 2.312500 -0.187500
v -2.500000 2.312500 -0.687500
v 4.500000 2.312500 -0.687500
v 2.500000 2.312500 -0.687500
v 2.250000 2.312500 -0.687500
v 0.500000 2.312500 -0.687500
v -0.500000 2.312500 -0.687500
v -2.250000 2.312500 -0.687500
v 4.500000 2.312500 0.687500
v 2.500000 2.312500 0.687500
v 2.250000 2.312500 0.687500
v 0.500000 2.312500 0.687500
v -0.500000 2.312500 0.687500
v -2.250000 2.312500 0.687500
v 4.500000 0.500000 0.687500
v 4.500000 0.187500 0.750000
v 4.500000 0.187500 -0.437500
v 4.500000 0.187500 -0.687500
v 4.500000 0.187500 0.687500
v 4.500000 0.500000 -0.687500
v 2.500000 1.437500 0.750000
v 2.500000 1.437500 -0.750000
v 2.250000 1.437500 0.750000
v 0.500000 1.437500 0.750000
v 0.500000 1.437500 -0.750000
v -0.500000 1.437500 0.750000
v -0.500000 1.437500 -0.750000
v -2.250000 1.437500 -0.750000
v 4.500000 1.437500 -0.437500
v 4.500000 1.437500 0.437500
v 4.500000 1.437500 0.187500
v 4.500000 1.437500 -0.750000
v 4.500000 1.437500 0.750000
v 2.250000 1.437500 -0.750000
v -2.250000 1.437500 0.750000
v 4.500000 1.437500 -0.187500
v 4.500000 1.437500 0.687500
v 4.500000 1.437500 -0.687500
v 2.500000 2.062500 0.750000
v 2.500000 2.062500 -0.750000
v 2.250000 2.062500 0.750000
v 0.500000 2.062500 0.750000
v 0.500000 2.062500 -0.750000
v -0.500000 2.062500 0.750000
v -0.500000 2.062500 -0.750000
v -2.250000 2.062500 -0.750000
v 4.500000 2.062500 -0.437500
v 4.500000 2.062500 0.437500
v 4.500000 2.062500 0.187500
v 4.500000 2.062500 -0.750000
v 4.500000 2.062500 0.750000
v 2.250000 2.062500 -0.750000
v -2.250000 2.062500 0.750000
v 4.500000 2.062500 -0.187500
v 4.500000 2.062500 0.687500
v 4.500000 2.062500 -0.687500
v 4.250000 2.250000 -0.750000
v 4.250000 0.187500 -0.750000
v 4.250000 2.250000 0.750000
v 4.250000 2.312500 -0.437500
v 4.250000 2.312500 0.437500
v 4.250000 2.312500 0.187500
v 4.250000 2.312500 -0.187500
v 4.250000 0.500000 -0.750000
v 4.250000 0.500000 0.750000
v 4.250000 2.312500 -0.687500
v 4.250000 2.312500 0.687500
v 4.250000 0.187500 0.750000
v 4.250000 1.437500 -0.750000
v 4.250000 1.437500 0.750000
v 4.250000 2.062500 -0.750000
v 4.250000 2.062500 0.750000
v 2.687500 0.187500 -0.750000
v 2.687500 2.250000 0.750000
v 2.687500 1.437500 0.750000
v 2.687500 2.062500 0.750000
v 2.687500 2.250000 -0.750000
v 2.687500 2.312500 -0.437500
v 2.687500 2.312500 0.437500
v 2.687500 2.312500 0.187500
v 2.687500 2.312500 -0.187500
v 2.687500 0.500000 -0.750000
v 2.687500 0.500000 0.750000
v 2.687500 2.312500 -0.687500
v 2.687500 2.312500 0.687500
v 2.687500 0.187500 0.750000
v 2.687500 1.437500 -0.750000
v 2.687500 2.062500 -0.750000
v -0.437500 0.187500 0.750000
v -0.187500 0.187500 0.750000
v 0.187500 0.187500 0.750000
v 0.437500 0.187500 0.750000
v 0.437500 0.187500 -0.750000
v 0.187500 0.187500 -0.750000
v -0.187500 0.187500 -0.750000
v -0.437500 0.187500 -0.750000
v -0.437500 2.250000 -0.750000
v -0.187500 2.250000 -0.750000
v 0.187500 2.250000 -0.750000
v 0.437500 2.250000 -0.750000
v -0.437500 0.500000 0.750000
v -0.187500 0.500000 0.750000
v 0.187500 0.500000 0.750000
v 0.437500 0.500000 0.750000
v 0.437500 0.500000 -0.750000
v 0.187500 0.500000 -0.750000
v -0.187500 0.500000 -0.750000
v -0.437500 0.500000 -0.750000
v 0.437500 2.250000 0.750000
v 0.187500 2.250000 0.750000
v -0.187500 2.250000 0.750000
v -0.437500 2.250000 0.750000
v -0.437500 2.312500 -0.437500
v -0.187500 2.312500 -0.437500
v 0.187500 2.312500 -0.437500
v 0.437500 2.312500 -0.437500
v -0.437500 2.312500 0.437500
v -0.187500 2.312500 0.437500
v 0.187500 2.312500 0.437500
v 0.437500 2.312500 0.437500
v -0.437500 2.312500 0.187500
v 0.437500 2.312500 0.187500
v -0.437500 2.312500 -0.187500
v 0.437500 2.312500 -0.187500
v -0.437500 2.312500 -0.687500
v -0.187500 2.312500 -0.687500
v 0.187500 2.312500 -0.687500
v 0.437500 2.312500 -0.687500
v -0.437500 2.312500 0.687500
v -0.187500 2.312500 0.687500
v 0.187500 2.312500 0.687500
v 0.437500 2.312500 0.687500
v -0.437500 1.437500 -0.750000
v -0.187500 1.437500 -0.750000
v 0.187500 1.437500 -0.750000
v 0.437500 1.437500 -0.750000
v 0.437500 1.437500 0.750000
v 0.187500 1.437500 0.750000
v -0.187500 1.437500 0.750000
v -0.437500 1.437500 0.750000
v -0.437500 2.062500 -0.750000
v -0.187500 2.062500 -0.750000
v 0.187500 2.062500 -0.750000
v 0.437500 2.062500 -0.750000
v 0.437500 2.062500 0.750000
v 0.187500 2.062500 0.750000
v -0.187500 2.062500 0.750000
v -0.437500 2.062500 0.750000
v -4.500000 0.187500 0.750000
v -4.500000 0.187500 0.187500
v -4.500000 0.187500 -0.187500
v -4.500000 0.187500 -0.437500
v -4.500000 0.500000 0.750000
v -4.500000 0.500000 -0.750000
v -4.500000 0.500000 0.187500
v -4.500000 2.250000 -0.750000
v -4.500000 2.250000 0.750000
v -2.500000 0.187500 -0.750000
v -2.500000 0.187500 0.750000
v -2.500000 0.500000 0.750000
v -2.500000 0.500000 -0.750000
v -4.500000 0.500000 0.437500
v -4.500000 2.312500 0.437500
v -4.500000 2.312500 -0.437500
v -4.500000 0.500000 -0.437500
v -4.500000 0.500000 -0.187500
v -4.500000 2.312500 -0.187500
v -2.500000 2.312500 -0.187500
v -4.500000 2.312500 0.187500
v -2.500000 2.312500 0.187500
v -4.500000 2.312500 0.687500
v -2.500000 2.312500 0.687500
v -4.500000 2.312500 -0.687500
v -4.500000 0.500000 -0.687500
v -4.500000 0.187500 -0.750000
v -4.500000 0.187500 0.437500
v -4.500000 0.187500 0.687500
v -4.500000 0.187500 -0.687500
v -4.500000 0.500000 0.687500
v -2.500000 1.437500 -0.750000
v -2.500000 1.437500 0.750000
v -4.500000 1.437500 0.437500
v -4.500000 1.437500 -0.437499
v -4.500000 1.437500 -0.187500
v -4.500000 1.437500 0.750000
v -4.500000 1.437500 -0.750000
v -4.500000 1.437500 0.187500
v -4.500000 1.437500 -0.687500
v -4.500000 1.437500 0.687500
v -2.500000 2.062500 -0.750000
v -2.500000 2.062500 0.750000
v -4.500000 2.062500 0.437500
v -4.500000 2.062500 -0.437500
v -4.500000 2.062500 -0.187500
v -4.500000 2.062500 0.750000
v -4.500000 2.062500 -0.750000
v -4.500000 2.062500 0.187500
v -4.500000 2.062500 -0.687500
v -4.500000 2.062500 0.687500
v -4.250000 2.250000 0.750000
v -4.250000 0.187500 0.750000
v -4.250000 2.250000 -0.750000
v -4.250000 2.312500 0.437500
v -4.250000 2.312500 -0.437500
v -4.250000 2.312500 -0.187500
v -4.250000 2.312500 0.187500
v -4.250000 0.500000 0.750000
v -4.250000 0.500000 -0.750000
v -4.250000 2.312500 0.687500
v -4.250000 2.312500 -0.687500
v -4.250000 0.187500 -0.750000
v -4.250000 1.437500 0.750000
v -4.250000 1.437500 -0.750000
v -4.250000 2.062500 0.750000
v -4.250000 2.062500 -0.750000
v -2.687500 0.187500 0.750000
v -2.687500 2.250000 -0.750000
v -2.687500 1.437500 -0.750000
v -2.687500 2.062500 -0.750000
v -2.687500 2.250000 0.750000
v -2.687500 2.312500 0.437500
v -2.687500 2.312500 -0.437500
v -2.687500 2.312500 -0.187500
v -2.687500 2.312500 0.187500
v -2.687500 0.500000 0.750000
v -2.687500 0.500000 -0.750000
v -2.687500 2.312500 0.687500
v -2.687500 2.312500 -0.687500
v -2.687500 0.187500 -0.750000
v -2.687500 1.437500 0.750000
v -2.687500 2.062500 0.750000
vn -0.0000 -0.0000 -1.0000
vn -0.0000 -0.0000 1.0000
vn 1.0000 -0.0000 -0.0000
vn -0.0000 0.7071 0.7071
vn -0.0000 1.0000 -0.0000
vn -0.0000 0.7071 -0.7071
vn -1.0000 -0.0000 -0.0000
vt 0.015625 0.640625
vt 0.015625 0.660156
vt 0.000000 0.660156
vt 0.000000 0.640625
vt 0.437500 0.640625
vt 0.437500 0.660156
vt 0.421875 0.660156
vt 0.421875 0.640625
vt 0.250000 0.640625
vt 0.250000 0.660156
vt 0.140625 0.660156
vt 0.140625 0.640625
vt 0.312500 0.660156
vt 0.312500 0.640625
vt 0.253906 0.640625
vt 0.253906 0.660156
vt 0.644531 0.640625
vt 0.644531 0.660156
vt 0.628906 0.660156
vt 0.628906 0.640625
vt 0.605469 0.660156
vt 0.605469 0.640625
vt 0.589844 0.660156
vt 0.589844 0.640625
vt 0.125000 0.660156
vt 0.125000 0.640625
vt 0.015625 0.757813
vt 0.015625 0.769531
vt 0.000000 0.769531
vt 0.000000 0.757813
vt 0.574219 0.757812
vt 0.574219 0.773438
vt 0.570312 0.769531
vt 0.570312 0.757812
vt 0.140625 0.757813
vt 0.140625 0.769531
vt 0.125000 0.769531
vt 0.125000 0.757812
vt 0.140625 0.910156
vt 0.125000 0.910156
vt 0.125000 0.906250
vt 0.140625 0.906250
vt 0.449219 0.757813
vt 0.449219 0.769531
vt 0.437500 0.769531
vt 0.437500 0.757813
vt 0.449219 0.910156
vt 0.437500 0.910156
vt 0.437500 0.906250
vt 0.449219 0.906250
vt 0.125000 0.757813
vt 0.449219 0.640625
vt 0.449219 0.660156
vt 0.421875 0.769531
vt 0.421875 0.757813
vt 0.421875 0.910156
vt 0.421875 0.906250
vt 0.250000 0.757813
vt 0.250000 0.769531
vt 0.312500 0.769531
vt 0.312500 0.757813
vt 0.312500 0.910156
vt 0.312500 0.906250
vt 0.253906 0.757813
vt 0.253906 0.769531
vt 0.250000 0.769531
vt 0.250000 0.757813
vt 0.253906 0.910156
vt 0.250000 0.910156
vt 0.250000 0.906250
vt 0.253906 0.906250
vt 0.312500 0.769531
vt 0.312500 0.757813
vt 0.250000 0.996094
vt 0.140625 0.996094
vt 0.140625 0.980469
vt 0.250000 0.980469
vt 0.253906 0.996094
vt 0.253906 0.980469
vt 0.421875 0.996094
vt 0.312500 0.996094
vt 0.312500 0.980469
vt 0.421875 0.980469
vt 0.437500 0.996094
vt 0.437500 0.980469
vt 0.449219 0.996094
vt 0.449219 0.980469
vt 0.660156 0.757812
vt 0.660156 0.773438
vt 0.644531 0.773438
vt 0.644531 0.757812
vt 0.125000 0.996094
vt 0.125000 0.980469
vt 0.140625 0.941406
vt 0.125000 0.941406
vt 0.125000 0.925781
vt 0.140625 0.925781
vt 0.250000 0.941406
vt 0.250000 0.925781
vt 0.253906 0.941406
vt 0.253906 0.925781
vt 0.421875 0.941406
vt 0.312500 0.941406
vt 0.312500 0.925781
vt 0.421875 0.925781
vt 0.437500 0.941406
vt 0.437500 0.925781
vt 0.605469 0.757812
vt 0.605469 0.773438
vt 0.589844 0.773438
vt 0.589844 0.757812
vt 0.449219 0.941406
vt 0.449219 0.925781
vt 0.253906 0.964844
vt 0.250000 0.964844
vt 0.421875 0.964844
vt 0.312500 0.964844
vt 0.437500 0.964844
vt 0.449219 0.964844
vt 0.628906 0.757812
vt 0.628906 0.773438
vt 0.140625 0.964844
vt 0.125000 0.964844
vt 0.250000 1.000000
vt 0.140625 1.000000
vt 0.253906 1.000000
vt 0.421875 1.000000
vt 0.312500 1.000000
vt 0.437500 1.000000
vt 0.449219 1.000000
vt 0.664062 0.757812
vt 0.664062 0.769531
vt 0.125000 1.000000
vt 0.574219 0.640625
vt 0.574219 0.660156
vt 0.570312 0.660156
vt 0.570312 0.640625
vt 0.664062 0.640625
vt 0.664062 0.660156
vt 0.660156 0.660156
vt 0.660156 0.640625
vt 0.574219 0.718750
vt 0.570312 0.718750
vt 0.664062 0.718750
vt 0.660156 0.718750
vt 0.140625 0.718750
vt 0.125000 0.718750
vt 0.628906 0.718750
vt 0.605469 0.718750
vt 0.589844 0.718750
vt 0.644531 0.718750
vt 0.421875 0.718750
vt 0.312500 0.718750
vt 0.250000 0.718750
vt 0.253906 0.718750
vt 0.312500 0.718750
vt 0.015625 0.718750
vt 0.000000 0.718750
vt 0.449219 0.718750
vt 0.437500 0.718750
vt 0.562500 0.718750
vt 0.562500 0.757813
vt 0.546875 0.757812
vt 0.546875 0.718750
vt 0.562500 0.640625
vt 0.562500 0.660156
vt 0.546875 0.660156
vt 0.546875 0.640625
vt 0.113281 0.660156
vt 0.113281 0.718750
vt 0.562500 0.964844
vt 0.546875 0.964844
vt 0.546875 0.941406
vt 0.562500 0.941406
vt 0.546875 0.925781
vt 0.562500 0.925781
vt 0.546875 0.910156
vt 0.562500 0.910156
vt 0.562500 0.996094
vt 0.546875 0.996094
vt 0.546875 0.980469
vt 0.562500 0.980469
vt 0.562500 0.769531
vt 0.546875 0.769531
vt 0.546875 0.906250
vt 0.562500 0.906250
vt 0.113281 0.640625
vt 0.113281 0.757813
vt 0.113281 0.769531
vt 0.562500 1.000000
vt 0.546875 1.000000
vt 0.308594 0.757813
vt 0.308594 0.718750
vt 0.292969 0.757813
vt 0.292969 0.718750
vt 0.269531 0.757813
vt 0.269531 0.718750
vt 0.308594 0.757813
vt 0.308594 0.718750
vt 0.308594 0.660156
vt 0.292969 0.660156
vt 0.269531 0.660156
vt 0.308594 0.925781
vt 0.308594 0.910156
vt 0.292969 0.925781
vt 0.292969 0.910156
vt 0.269531 0.925781
vt 0.269531 0.910156
vt 0.308594 1.000000
vt 0.308594 0.996094
vt 0.292969 1.000000
vt 0.292969 0.996094
vt 0.269531 1.000000
vt 0.269531 0.996094
vt 0.308594 0.980469
vt 0.308594 0.964844
vt 0.292969 0.980469
vt 0.269531 0.980469
vt 0.308594 0.941406
vt 0.308594 0.906250
vt 0.292969 0.906250
vt 0.269531 0.906250
vt 0.308594 0.769531
vt 0.292969 0.769531
vt 0.269531 0.769531
vt 0.308594 0.769531
vt 0.308594 0.640625
vt 0.292969 0.640625
vt 0.269531 0.640625
s 1
usemtl Colour
f 1359/1273/427 1365/1274/427 1246/1275/427 1233/1276/427
f 1254/1277/428 1258/1278/428 1262/1279/428 1235/1280/428
f 1239/1281/427 1263/1282/427 1245/1283/427 1234/1284/427
f 1241/1281/428 1270/1282/428 1248/1283/428 1237/1284/428
f 1459/1277/427 1462/1278/427 1271/1279/427 1236/1280/427
f 1235/1280/428 1262/1279/428 1266/1285/428 1238/1286/428
f 1394/1287/427 1406/1288/427 1263/1282/427 1239/1281/427
f 1390/1287/428 1402/1288/428 1270/1282/428 1241/1281/428
f 1236/1280/427 1271/1279/427 1267/1285/427 1240/1286/427
f 1318/1289/429 1275/1290/429 1249/1291/429 1242/1292/429
f 1242/1292/429 1249/1291/429 1290/1293/429 1243/1294/429
f 1243/1294/429 1290/1293/429 1289/1295/429 1244/1296/429
f 1237/1284/428 1248/1283/428 1461/1297/428 1460/1298/428
f 1372/1299/427 1358/1300/427 1253/1301/427 1351/1302/427
f 1356/1303/429 1310/1304/429 1252/1305/429 1352/1306/429
f 1354/1307/428 1272/1308/428 1250/1309/428 1492/1310/428
f 1315/1311/430 1473/1312/430 1250/1313/430 1272/1314/430
f 1377/1315/428 1375/1316/428 1259/1317/428 1340/1318/428
f 1386/1319/430 1311/1320/430 1259/1321/430 1375/1322/430
f 1353/1307/427 1261/1308/427 1257/1309/427 1341/1323/427
f 1387/1324/428 1384/1325/428 1258/1278/428 1254/1277/428
f 1234/1284/427 1245/1283/427 1256/1297/427 1255/1298/427
f 1340/1318/428 1259/1317/428 1260/1326/428 1342/1327/428
f 1311/1320/430 1312/1328/430 1260/1329/430 1259/1321/430
f 1344/1330/427 1265/1331/427 1261/1308/427 1353/1307/427
f 1342/1327/428 1260/1326/428 1264/1332/428 1343/1333/428
f 1312/1328/430 1313/1334/430 1264/1335/430 1260/1329/430
f 1445/1336/427 1401/1337/427 1265/1331/427 1344/1330/427
f 1449/1336/428 1413/1337/428 1268/1338/428 1345/1339/428
f 1430/1340/430 1314/1341/430 1268/1342/430 1413/1343/430
f 1347/1327/427 1273/1326/427 1269/1344/427 1346/1345/427
f 1345/1339/428 1268/1338/428 1272/1308/428 1354/1307/428
f 1314/1341/430 1315/1311/430 1272/1314/430 1268/1342/430
f 1491/1318/427 1251/1317/427 1273/1326/427 1347/1327/427
f 1308/1346/431 1309/1347/431 1281/1348/431 1280/1349/431
f 1426/1350/431 1308/1346/431 1280/1349/431 1414/1351/431
f 1306/1352/431 1307/1353/431 1279/1354/431 1278/1355/431
f 1305/1356/431 1306/1352/431 1278/1355/431 1277/1357/431
f 1385/1358/431 1305/1356/431 1277/1357/431 1379/1359/431
f 1357/1360/429 1304/1361/429 1276/1362/429 1348/1363/429
f 1309/1347/431 1303/1364/431 1274/1365/431 1281/1348/431
f 1296/1366/431 1471/1367/431 1288/1368/431 1287/1369/431
f 1295/1370/431 1296/1366/431 1287/1369/431 1286/1371/431
f 1422/1372/431 1295/1370/431 1286/1371/431 1418/1373/431
f 1293/1374/431 1294/1375/431 1285/1376/431 1284/1377/431
f 1292/1378/431 1293/1374/431 1284/1377/431 1283/1379/431
f 1350/1380/429 1291/1381/429 1282/1382/429 1349/1383/429
f 1381/1384/431 1292/1378/431 1283/1379/431 1380/1385/431
f 1424/1386/431 1301/1387/431 1295/1370/431 1422/1372/431
f 1299/1388/431 1300/1389/431 1294/1375/431 1293/1374/431
f 1298/1390/431 1299/1388/431 1293/1374/431 1292/1378/431
f 1382/1391/431 1298/1390/431 1292/1378/431 1381/1384/431
f 1355/1392/429 1297/1393/429 1291/1381/429 1350/1380/429
f 1301/1387/431 1302/1394/431 1296/1366/431 1295/1370/431
f 1280/1349/431 1281/1348/431 1302/1394/431 1301/1387/431
f 1414/1351/431 1280/1349/431 1301/1387/431 1424/1386/431
f 1278/1355/431 1279/1354/431 1300/1389/431 1299/1388/431
f 1277/1357/431 1278/1355/431 1299/1388/431 1298/1390/431
f 1379/1359/431 1277/1357/431 1298/1390/431 1382/1391/431
f 1348/1363/429 1276/1362/429 1297/1393/429 1355/1392/429
f 1302/1394/431 1469/1395/431 1471/1367/431 1296/1366/431
f 1281/1348/431 1274/1365/431 1469/1395/431 1302/1394/431
f 1269/1396/432 1273/1397/432 1309/1347/432 1308/1346/432
f 1398/1398/432 1269/1396/432 1308/1346/432 1426/1350/432
f 1261/1399/432 1265/1400/432 1307/1353/432 1306/1352/432
f 1257/1401/432 1261/1399/432 1306/1352/432 1305/1356/432
f 1378/1402/432 1257/1401/432 1305/1356/432 1385/1358/432
f 1351/1403/429 1253/1404/429 1304/1361/429 1357/1360/429
f 1273/1397/432 1251/1405/432 1303/1364/432 1309/1347/432
f 1287/1369/431 1288/1368/431 1473/1312/431 1315/1311/431
f 1286/1371/431 1287/1369/431 1315/1311/431 1314/1341/431
f 1418/1373/431 1286/1371/431 1314/1341/431 1430/1340/431
f 1284/1377/431 1285/1376/431 1313/1334/431 1312/1328/431
f 1283/1379/431 1284/1377/431 1312/1328/431 1311/1320/431
f 1349/1383/429 1282/1382/429 1310/1304/429 1356/1303/429
f 1380/1385/431 1283/1379/431 1311/1320/431 1386/1319/431
f 1320/1406/429 1316/1407/429 1247/1408/429 1317/1409/429
f 1233/1410/429 1246/1411/429 1321/1412/429 1319/1413/429
f 1319/1413/429 1321/1412/429 1275/1290/429 1318/1289/429
f 1244/1296/429 1289/1295/429 1316/1407/429 1320/1406/429
f 1316/1407/429 1338/1414/429 1334/1415/429 1247/1408/429
f 1246/1411/429 1333/1416/429 1339/1417/429 1321/1412/429
f 1248/1283/428 1336/1418/428 1482/1419/428 1461/1297/428
f 1249/1291/429 1337/1420/429 1332/1421/429 1290/1293/429
f 1290/1293/429 1332/1421/429 1331/1422/429 1289/1295/429
f 1289/1295/429 1331/1422/429 1338/1414/429 1316/1407/429
f 1321/1412/429 1339/1417/429 1330/1423/429 1275/1290/429
f 1275/1290/429 1330/1423/429 1337/1420/429 1249/1291/429
f 1271/1279/427 1329/1424/427 1328/1425/427 1267/1285/427
f 1270/1282/428 1327/1426/428 1336/1418/428 1248/1283/428
f 1263/1282/427 1326/1426/427 1335/1418/427 1245/1283/427
f 1406/1288/427 1437/1427/427 1326/1426/427 1263/1282/427
f 1402/1288/428 1441/1427/428 1327/1426/428 1270/1282/428
f 1262/1279/428 1324/1424/428 1325/1428/428 1266/1285/428
f 1365/1274/427 1370/1429/427 1333/1430/427 1246/1275/427
f 1245/1283/427 1335/1418/427 1323/1419/427 1256/1297/427
f 1384/1325/428 1376/1431/428 1322/1432/428 1258/1278/428
f 1258/1278/428 1322/1432/428 1324/1424/428 1262/1279/428
f 1462/1278/427 1481/1432/427 1329/1424/427 1271/1279/427
f 1338/1414/429 1356/1303/429 1352/1306/429 1334/1415/429
f 1333/1416/429 1351/1403/429 1357/1360/429 1339/1417/429
f 1337/1420/429 1355/1392/429 1350/1380/429 1332/1421/429
f 1332/1421/429 1350/1380/429 1349/1383/429 1331/1422/429
f 1331/1422/429 1349/1383/429 1356/1303/429 1338/1414/429
f 1339/1417/429 1357/1360/429 1348/1363/429 1330/1423/429
f 1330/1423/429 1348/1363/429 1355/1392/429 1337/1420/429
f 1437/1427/427 1445/1336/427 1344/1330/427 1326/1426/427
f 1441/1427/428 1449/1336/428 1345/1339/428 1327/1426/428
f 1370/1429/427 1372/1299/427 1351/1302/427 1333/1430/427
f 1335/1418/427 1353/1307/427 1341/1323/427 1323/1419/427
f 1376/1431/428 1377/1315/428 1340/1318/428 1322/1432/428
f 1322/1432/428 1340/1318/428 1342/1327/428 1324/1424/428
f 1481/1432/427 1491/1318/427 1347/1327/427 1329/1424/427
f 1336/1418/428 1354/1307/428 1492/1310/428 1482/1419/428
f 1334/1433/428 1352/1434/428 1373/1435/428 1371/1436/428
f 1317/1437/428 1247/1438/428 1366/1439/428 1369/1440/428
f 1247/1438/428 1334/1433/428 1371/1436/428 1366/1439/428
f 1383/1441/427 1388/1442/427 1370/1429/427 1365/1274/427
f 1297/1443/431 1364/1444/431 1363/1445/431 1291/1446/431
f 1291/1446/431 1363/1445/431 1362/1447/431 1282/1448/431
f 1282/1448/431 1362/1447/431 1368/1449/431 1310/1450/431
f 1304/1451/431 1367/1452/431 1361/1453/431 1276/1454/431
f 1276/1454/431 1361/1453/431 1364/1444/431 1297/1443/431
f 1352/1434/428 1252/1455/428 1360/1456/428 1373/1435/428
f 1310/1450/430 1368/1449/430 1360/1457/430 1252/1458/430
f 1374/1459/427 1383/1441/427 1365/1274/427 1359/1273/427
f 1389/1460/427 1378/1461/427 1358/1300/427 1372/1299/427
f 1253/1462/432 1358/1463/432 1367/1452/432 1304/1451/432
f 1323/1419/427 1341/1323/427 1389/1460/427 1388/1442/427
f 1369/1440/428 1366/1439/428 1384/1325/428 1387/1324/428
f 1256/1297/427 1323/1419/427 1388/1442/427 1383/1441/427
f 1364/1444/431 1382/1391/431 1381/1384/431 1363/1445/431
f 1363/1445/431 1381/1384/431 1380/1385/431 1362/1447/431
f 1362/1447/431 1380/1385/431 1386/1319/431 1368/1449/431
f 1367/1452/431 1385/1358/431 1379/1359/431 1361/1453/431
f 1361/1453/431 1379/1359/431 1382/1391/431 1364/1444/431
f 1358/1463/432 1378/1402/432 1385/1358/432 1367/1452/432
f 1341/1323/427 1257/1309/427 1378/1461/427 1389/1460/427
f 1366/1439/428 1371/1436/428 1376/1431/428 1384/1325/428
f 1373/1435/428 1360/1456/428 1375/1316/428 1377/1315/428
f 1368/1449/430 1386/1319/430 1375/1322/430 1360/1457/430
f 1255/1298/427 1256/1297/427 1383/1441/427 1374/1459/427
f 1325/1428/428 1343/1333/428 1446/1464/428 1438/1465/428
f 1446/1464/428 1447/1466/428 1439/1467/428 1438/1465/428
f 1447/1466/428 1448/1468/428 1440/1469/428 1439/1467/428
f 1448/1468/428 1449/1336/428 1441/1427/428 1440/1469/428
f 1328/1425/427 1346/1345/427 1442/1470/427 1434/1471/427
f 1442/1470/427 1443/1466/427 1435/1467/427 1434/1471/427
f 1443/1466/427 1444/1468/427 1436/1469/427 1435/1467/427
f 1444/1468/427 1445/1336/427 1437/1427/427 1436/1469/427
f 1266/1285/428 1325/1428/428 1438/1465/428 1405/1472/428
f 1438/1465/428 1439/1467/428 1404/1473/428 1405/1472/428
f 1439/1467/428 1440/1469/428 1403/1474/428 1404/1473/428
f 1440/1469/428 1441/1427/428 1402/1288/428 1403/1474/428
f 1267/1285/427 1328/1425/427 1434/1471/427 1409/1472/427
f 1434/1471/427 1435/1467/427 1408/1473/427 1409/1472/427
f 1435/1467/427 1436/1469/427 1407/1474/427 1408/1473/427
f 1436/1469/427 1437/1427/427 1406/1288/427 1407/1474/427
f 1285/1376/431 1421/1475/431 1433/1476/431 1313/1334/431
f 1420/1477/431 1432/1478/431 1433/1476/431 1421/1475/431
f 1419/1479/431 1431/1480/431 1432/1478/431 1420/1477/431
f 1418/1373/431 1430/1340/431 1431/1480/431 1419/1479/431
f 1265/1400/432 1401/1481/432 1429/1482/432 1307/1353/432
f 1400/1483/432 1428/1484/432 1429/1482/432 1401/1481/432
f 1399/1485/432 1427/1486/432 1428/1484/432 1400/1483/432
f 1398/1398/432 1426/1350/432 1427/1486/432 1399/1485/432
f 1279/1354/431 1417/1487/431 1425/1488/431 1300/1389/431
f 1416/1489/431 1425/1488/431 1417/1487/431
f 1424/1386/431 1415/1490/431 1414/1351/431
f 1300/1389/431 1425/1488/431 1423/1491/431 1294/1375/431
f 1294/1375/431 1423/1491/431 1421/1475/431 1285/1376/431
f 1307/1353/431 1429/1482/431 1417/1487/431 1279/1354/431
f 1428/1484/431 1416/1489/431 1417/1487/431 1429/1482/431
f 1427/1486/431 1415/1490/431 1416/1489/431 1428/1484/431
f 1426/1350/431 1414/1351/431 1415/1490/431 1427/1486/431
f 1313/1334/430 1433/1476/430 1410/1492/430 1264/1335/430
f 1432/1478/430 1411/1493/430 1410/1492/430 1433/1476/430
f 1431/1480/430 1412/1494/430 1411/1493/430 1432/1478/430
f 1430/1340/430 1413/1343/430 1412/1494/430 1431/1480/430
f 1343/1333/428 1264/1332/428 1410/1495/428 1446/1464/428
f 1410/1495/428 1411/1496/428 1447/1466/428 1446/1464/428
f 1411/1496/428 1412/1497/428 1448/1468/428 1447/1466/428
f 1412/1497/428 1413/1337/428 1449/1336/428 1448/1468/428
f 1346/1345/427 1269/1344/427 1398/1498/427 1442/1470/427
f 1398/1498/427 1399/1496/427 1443/1466/427 1442/1470/427
f 1399/1496/427 1400/1497/427 1444/1468/427 1443/1466/427
f 1400/1497/427 1401/1337/427 1445/1336/427 1444/1468/427
f 1238/1286/428 1266/1285/428 1405/1472/428 1393/1499/428
f 1404/1473/428 1392/1500/428 1393/1499/428 1405/1472/428
f 1403/1474/428 1391/1501/428 1392/1500/428 1404/1473/428
f 1402/1288/428 1390/1287/428 1391/1501/428 1403/1474/428
f 1240/1286/427 1267/1285/427 1409/1472/427 1397/1499/427
f 1408/1473/427 1396/1500/427 1397/1499/427 1409/1472/427
f 1407/1474/427 1395/1501/427 1396/1500/427 1408/1473/427
f 1406/1288/427 1394/1287/427 1395/1501/427 1407/1474/427
f 1422/1372/431 1418/1373/431 1419/1479/431
f 1420/1477/431 1421/1475/431 1423/1491/431
f 1370/1429/427 1388/1442/427 1389/1460/427 1372/1299/427
f 1371/1436/428 1373/1435/428 1377/1315/428 1376/1431/428
f 1502/1273/428 1508/1274/428 1454/1275/428 1450/1276/428
f 1477/1289/433 1463/1290/433 1456/1291/433 1451/1292/433
f 1451/1292/433 1456/1291/433 1467/1293/433 1452/1294/433
f 1452/1294/433 1467/1293/433 1466/1295/433 1453/1296/433
f 1515/1299/428 1501/1300/428 1458/1301/428 1496/1302/428
f 1499/1303/433 1474/1304/433 1457/1305/433 1497/1306/433
f 1520/1315/427 1518/1316/427 1251/1317/427 1491/1318/427
f 1529/1319/432 1303/1320/432 1251/1321/432 1518/1322/432
f 1530/1324/427 1527/1325/427 1462/1278/427 1459/1277/427
f 1528/1358/431 1473/1356/431 1288/1357/431 1522/1359/431
f 1500/1360/433 1472/1361/433 1464/1362/433 1493/1363/433
f 1495/1380/433 1468/1381/433 1465/1382/433 1494/1383/433
f 1524/1384/431 1469/1378/431 1274/1379/431 1523/1385/431
f 1525/1391/431 1471/1390/431 1469/1378/431 1524/1384/431
f 1498/1392/433 1470/1393/433 1468/1381/433 1495/1380/433
f 1522/1359/431 1288/1357/431 1471/1390/431 1525/1391/431
f 1493/1363/433 1464/1362/433 1470/1393/433 1498/1392/433
f 1521/1402/430 1250/1401/430 1473/1356/430 1528/1358/430
f 1496/1403/433 1458/1404/433 1472/1361/433 1500/1360/433
f 1494/1383/433 1465/1382/433 1474/1304/433 1499/1303/433
f 1523/1385/431 1274/1379/431 1303/1320/431 1529/1319/431
f 1479/1406/433 1475/1407/433 1455/1408/433 1476/1409/433
f 1450/1410/433 1454/1411/433 1480/1412/433 1478/1413/433
f 1478/1413/433 1480/1412/433 1463/1290/433 1477/1289/433
f 1453/1296/433 1466/1295/433 1475/1407/433 1479/1406/433
f 1475/1407/433 1489/1414/433 1487/1415/433 1455/1408/433
f 1454/1411/433 1486/1416/433 1490/1417/433 1480/1412/433
f 1456/1291/433 1488/1420/433 1485/1421/433 1467/1293/433
f 1467/1293/433 1485/1421/433 1484/1422/433 1466/1295/433
f 1466/1295/433 1484/1422/433 1489/1414/433 1475/1407/433
f 1480/1412/433 1490/1417/433 1483/1423/433 1463/1290/433
f 1463/1290/433 1483/1423/433 1488/1420/433 1456/1291/433
f 1508/1274/428 1513/1429/428 1486/1430/428 1454/1275/428
f 1527/1325/427 1519/1431/427 1481/1432/427 1462/1278/427
f 1489/1414/433 1499/1303/433 1497/1306/433 1487/1415/433
f 1486/1416/433 1496/1403/433 1500/1360/433 1490/1417/433
f 1488/1420/433 1498/1392/433 1495/1380/433 1485/1421/433
f 1485/1421/433 1495/1380/433 1494/1383/433 1484/1422/433
f 1484/1422/433 1494/1383/433 1499/1303/433 1489/1414/433
f 1490/1417/433 1500/1360/433 1493/1363/433 1483/1423/433
f 1483/1423/433 1493/1363/433 1498/1392/433 1488/1420/433
f 1513/1429/428 1515/1299/428 1496/1302/428 1486/1430/428
f 1519/1431/427 1520/1315/427 1491/1318/427 1481/1432/427
f 1487/1433/427 1497/1434/427 1516/1435/427 1514/1436/427
f 1476/1437/427 1455/1438/427 1509/1439/427 1512/1440/427
f 1455/1438/427 1487/1433/427 1514/1436/427 1509/1439/427
f 1526/1441/428 1531/1442/428 1513/1429/428 1508/1274/428
f 1470/1443/431 1507/1444/431 1506/1445/431 1468/1446/431
f 1468/1446/431 1506/1445/431 1505/1447/431 1465/1448/431
f 1465/1448/431 1505/1447/431 1511/1449/431 1474/1450/431
f 1472/1451/431 1510/1452/431 1504/1453/431 1464/1454/431
f 1464/1454/431 1504/1453/431 1507/1444/431 1470/1443/431
f 1497/1434/427 1457/1455/427 1503/1456/427 1516/1435/427
f 1474/1450/432 1511/1449/432 1503/1457/432 1457/1458/432
f 1517/1459/428 1526/1441/428 1508/1274/428 1502/1273/428
f 1532/1460/428 1521/1461/428 1501/1300/428 1515/1299/428
f 1458/1462/430 1501/1463/430 1510/1452/430 1472/1451/430
f 1482/1419/428 1492/1323/428 1532/1460/428 1531/1442/428
f 1512/1440/427 1509/1439/427 1527/1325/427 1530/1324/427
f 1461/1297/428 1482/1419/428 1531/1442/428 1526/1441/428
f 1507/1444/431 1525/1391/431 1524/1384/431 1506/1445/431
f 1506/1445/431 1524/1384/431 1523/1385/431 1505/1447/431
f 1505/1447/431 1523/1385/431 1529/1319/431 1511/1449/431
f 1510/1452/431 1528/1358/431 1522/1359/431 1504/1453/431
f 1504/1453/431 1522/1359/431 1525/1391/431 1507/1444/431
f 1501/1463/430 1521/1402/430 1528/1358/430 1510/1452/430
f 1492/1323/428 1250/1309/428 1521/1461/428 1532/1460/428
f 1509/1439/427 1514/1436/427 1519/1431/427 1527/1325/427
f 1516/1435/427 1503/1456/427 1518/1316/427 1520/1315/427
f 1511/1449/432 1529/1319/432 1518/1322/432 1503/1457/432
f 1460/1298/428 1461/1297/428 1526/1441/428 1517/1459/428
f 1513/1429/428 1531/1442/428 1532/1460/428 1515/1299/428
f 1514/1436/427 1516/1435/427 1520/1315/427 1519/1431/427
o ENGINE_START_1_TOGGLE
v -4.437500 0.187500 0.687500
v -4.437500 0.187500 -0.687500
v 4.437500 0.187500 0.687500
v 4.437500 0.187500 -0.687500
v -4.500000 0.187500 -0.750000
v -4.500000 0.187500 0.750000
v 4.437500 0.187500 0.750000
v -4.437500 0.375000 -0.687500
v -4.437500 0.375000 0.687500
v 4.437500 0.375000 -0.687500
v 4.437500 0.375000 0.687500
v 2.250000 0.187500 -0.750000
v 2.250000 0.187500 0.750000
v 2.250000 0.187500 -0.687500
v 2.250000 0.187500 0.687500
v 2.250000 0.375000 -0.687500
v 2.250000 0.375000 0.687500
v -2.250000 0.187500 -0.750000
v -2.250000 0.187500 -0.687500
v -2.250000 0.375000 -0.687500
v -2.250000 0.187500 0.750000
v -2.250000 0.187500 0.687500
v -2.250000 0.375000 0.687500
v 0.500000 0.187500 0.750000
v 0.500000 0.187500 0.687500
v 0.500000 0.375000 0.687500
v 0.500000 0.187500 -0.750000
v 0.500000 0.187500 -0.687500
v 0.500000 0.375000 -0.687500
v -0.500000 0.187500 -0.750000
v -0.500000 0.187500 -0.687500
v -0.500000 0.375000 -0.687500
v -0.500000 0.187500 0.750000
v -0.500000 0.187500 0.687500
v -0.500000 0.375000 0.687500
v -4.500000 0.187500 -0.187500
v 4.500000 0.187500 -0.187500
v -4.437500 0.187500 -0.187500
v 4.437500 0.187500 -0.187500
v -4.437500 0.375000 -0.187500
v 4.437500 0.375000 -0.187500
v 2.250000 0.375000 -0.187500
v 2.250000 1.625000 -0.187500
v -2.250000 0.375000 -0.187500
v -2.250000 1.625000 -0.187500
v 0.500000 0.375000 -0.187500
v 0.500000 1.625000 -0.187500
v -0.500000 0.375000 -0.187500
v -0.500000 1.625000 -0.187500
v -4.500000 0.187500 0.187500
v -4.437500 0.187500 0.187500
v -4.437500 0.375000 0.187500
v 2.250000 0.375000 0.187500
v 2.250000 1.625000 0.187500
v -2.250000 0.375000 0.187500
v -2.250000 1.625000 0.187500
v 0.500000 0.375000 0.187500
v 0.500000 1.625000 0.187500
v -0.500000 0.375000 0.187500
v -0.500000 1.625000 0.187500
v 4.500000 0.187500 0.187500
v 4.437500 0.187500 0.187500
v 4.437500 0.375000 0.187500
v 4.500000 0.187500 -0.437500
v 4.437500 0.187500 -0.437500
v 4.437500 0.375000 -0.437500
v -4.500000 0.187500 -0.437500
v -4.437500 0.187500 -0.437500
v -4.437500 0.375000 -0.437500
v 2.250000 0.375000 -0.437500
v 2.250000 1.625000 -0.437500
v -2.250000 0.375000 -0.437500
v -2.250000 1.625000 -0.437500
v 0.500000 0.375000 -0.437500
v 0.500000 1.625000 -0.437500
v -0.500000 0.375000 -0.437500
v -0.500000 1.625000 -0.437500
v -4.500000 0.187500 0.437500
v -4.437500 0.187500 0.437500
v -4.437500 0.375000 0.437500
v 2.250000 0.375000 0.437500
v 2.250000 1.625000 0.437500
v -2.250000 0.375000 0.437500
v -2.250000 1.625000 0.437500
v 0.500000 0.375000 0.437500
v 0.500000 1.625000 0.437500
v -0.500000 0.375000 0.437500
v -0.500000 1.625000 0.437500
v 4.500000 0.187500 0.437500
v 4.437500 0.187500 0.437500
v 4.437500 0.375000 0.437500
v -2.500000 0.187500 0.750000
v -2.500000 0.187500 0.687500
v -2.500000 0.375000 0.687500
v -2.500000 0.187500 -0.750000
v -2.500000 0.187500 -0.687500
v -2.500000 0.375000 -0.687500
v -2.500000 0.375000 -0.187500
v -2.500000 0.375000 0.187500
v -2.500000 0.375000 -0.437500
v -2.500000 0.375000 0.437500
v 2.500000 0.187500 0.750000
v 2.500000 0.187500 0.687500
v 2.500000 0.375000 0.687500
v 2.500000 0.187500 -0.750000
v 2.500000 0.187500 -0.687500
v 2.500000 0.375000 -0.687500
v 2.500000 0.375000 -0.187500
v 2.500000 0.375000 0.187500
v 2.500000 0.375000 -0.437500
v 2.500000 0.375000 0.437500
v 4.500000 0.187500 -0.687500
v 4.500000 0.187500 0.687500
v 4.437500 0.187500 -0.750000
v 4.500000 0.187500 0.750000
v 4.500000 0.187500 -0.750000
v 2.250000 1.437500 0.750000
v 0.500000 1.437500 0.750000
v -0.500000 1.437500 0.750000
v -2.250000 1.437500 0.750000
v 2.250000 2.062500 0.750000
v 0.500000 2.062500 0.750000
v -0.500000 2.062500 0.750000
v -2.250000 2.062500 0.750000
v 2.250000 1.437500 0.687500
v 0.500000 1.437500 0.687500
v -0.500000 1.437500 0.687500
v -2.250000 1.437500 0.687500
v 2.250000 2.062500 0.687500
v 0.500000 2.062500 0.687500
v -0.500000 2.062500 0.687500
v -2.250000 2.062500 0.687500
v 0.500000 1.437500 -0.750000
v -0.500000 1.437500 -0.750000
v -2.250000 1.437500 -0.750000
v 2.250000 1.437500 -0.750000
v 0.500000 2.062500 -0.750000
v -0.500000 2.062500 -0.750000
v -2.250000 2.062500 -0.750000
v 2.250000 2.062500 -0.750000
v 0.500000 1.437500 -0.687500
v -0.500000 1.437500 -0.687500
v -2.250000 1.437500 -0.687500
v 2.250000 1.437500 -0.687500
v 0.500000 2.062500 -0.687500
v -0.500000 2.062500 -0.687500
v -2.250000 2.062500 -0.687500
v 2.250000 2.062500 -0.687500
vn -0.0000 -1.0000 -0.0000
vn -0.0000 -0.0000 1.0000
vn -1.0000 -0.0000 -0.0000
vn 1.0000 -0.0000 -0.0000
vn -0.0000 -0.0000 -1.0000
vn -0.0000 1.0000 -0.0000
vn -0.7071 -0.7071 -0.0000
vn 0.7071 -0.7071 -0.0000
vn 0.5774 -0.5774 0.5774
vn -0.5774 -0.5774 0.5774
vn 0.7071 0.7071 -0.0000
vn 0.5774 0.5774 0.5774
vn -0.7071 0.7071 -0.0000
vn -0.5774 0.5774 0.5774
vn -0.5774 -0.5774 -0.5774
vn 0.5774 -0.5774 -0.5774
vn -0.5774 0.5774 -0.5774
vn 0.5774 0.5774 -0.5774
vt 0.015625 0.984375
s 1
usemtl knuckle
f 1533/1502/434 1625/1502/434 1624/1502/434 1538/1502/434
f 1611/1502/434 1533/1502/434 1538/1502/434 1610/1502/434
f 1635/1502/434 1535/1502/434 1539/1502/434 1634/1502/434
f 1643/1502/434 1623/1502/434 1543/1502/434 1636/1502/434
f 1638/1502/435 1536/1502/435 1542/1502/435 1639/1502/435
f 1622/1502/436 1535/1502/436 1543/1502/436 1623/1502/436
f 1600/1502/437 1534/1502/437 1540/1502/437 1601/1502/437
f 1617/1502/434 1613/1502/434 1549/1502/434 1558/1502/434
f 1635/1502/438 1547/1502/438 1549/1502/438 1636/1502/438
f 1560/1502/435 1546/1502/435 1548/1502/435 1561/1502/435
f 1557/1502/434 1547/1502/434 1545/1502/434 1556/1502/434
f 1638/1502/434 1546/1502/434 1544/1502/434 1637/1502/434
f 1566/1502/438 1554/1502/438 1555/1502/438 1567/1502/438
f 1625/1502/434 1554/1502/434 1553/1502/434 1624/1502/434
f 1628/1502/435 1551/1502/435 1552/1502/435 1629/1502/435
f 1563/1502/434 1551/1502/434 1550/1502/434 1562/1502/434
f 1563/1502/435 1560/1502/435 1561/1502/435 1564/1502/435
f 1546/1502/434 1560/1502/434 1559/1502/434 1544/1502/434
f 1619/1502/434 1617/1502/434 1558/1502/434 1567/1502/434
f 1547/1502/438 1557/1502/438 1558/1502/438 1549/1502/438
f 1566/1502/434 1557/1502/434 1556/1502/434 1565/1502/434
f 1557/1502/438 1566/1502/438 1567/1502/438 1558/1502/438
f 1554/1502/434 1566/1502/434 1565/1502/434 1553/1502/434
f 1615/1502/434 1619/1502/434 1567/1502/434 1555/1502/434
f 1551/1502/435 1563/1502/435 1564/1502/435 1552/1502/435
f 1560/1502/434 1563/1502/434 1562/1502/434 1559/1502/434
f 1608/1502/434 1606/1502/434 1578/1502/434 1580/1502/434
f 1642/1502/434 1598/1502/434 1573/1502/434 1640/1502/434
f 1597/1502/436 1571/1502/436 1573/1502/436 1598/1502/436
f 1570/1502/434 1583/1502/434 1582/1502/434 1568/1502/434
f 1600/1502/434 1570/1502/434 1568/1502/434 1599/1502/434
f 1594/1502/434 1571/1502/434 1569/1502/434 1593/1502/434
f 1622/1502/434 1594/1502/434 1593/1502/434 1621/1502/434
f 1576/1502/434 1580/1502/434 1591/1502/434 1587/1502/434
f 1578/1502/434 1574/1502/434 1585/1502/434 1589/1502/434
f 1571/1502/436 1594/1502/436 1595/1502/436 1573/1502/436
f 1574/1502/434 1640/1502/434 1641/1502/434 1585/1502/434
f 1611/1502/437 1583/1502/437 1584/1502/437 1612/1502/437
f 1640/1502/434 1573/1502/434 1595/1502/434 1641/1502/434
f 1564/1502/434 1561/1502/434 1606/1502/434 1608/1502/434
f 1552/1502/434 1564/1502/434 1608/1502/434 1604/1502/434
f 1561/1502/434 1548/1502/434 1602/1502/434 1606/1502/434
f 1570/1502/437 1600/1502/437 1601/1502/437 1572/1502/437
f 1534/1502/434 1600/1502/434 1599/1502/434 1537/1502/434
f 1639/1502/434 1542/1502/434 1598/1502/434 1642/1502/434
f 1536/1502/436 1597/1502/436 1598/1502/436 1542/1502/436
f 1571/1502/434 1597/1502/434 1596/1502/434 1569/1502/434
f 1594/1502/436 1622/1502/436 1623/1502/436 1595/1502/436
f 1591/1502/434 1589/1502/434 1617/1502/434 1619/1502/434
f 1641/1502/434 1595/1502/434 1623/1502/434 1643/1502/434
f 1533/1502/437 1611/1502/437 1612/1502/437 1541/1502/437
f 1583/1502/434 1611/1502/434 1610/1502/434 1582/1502/434
f 1607/1502/435 1606/1502/435 1602/1502/435 1603/1502/435
f 1578/1502/437 1606/1502/437 1607/1502/437 1579/1502/437
f 1617/1502/437 1589/1502/437 1590/1502/437 1618/1502/437
f 1590/1502/435 1589/1502/435 1585/1502/435 1586/1502/435
f 1574/1502/436 1575/1502/436 1603/1502/436 1602/1502/436
f 1613/1502/436 1614/1502/436 1586/1502/436 1585/1502/436
f 1618/1502/438 1614/1502/438 1613/1502/438 1617/1502/438
f 1579/1502/438 1575/1502/438 1574/1502/438 1578/1502/438
f 1577/1502/438 1581/1502/438 1580/1502/438 1576/1502/438
f 1588/1502/435 1587/1502/435 1591/1502/435 1592/1502/435
f 1616/1502/438 1620/1502/438 1619/1502/438 1615/1502/438
f 1619/1502/436 1620/1502/436 1592/1502/436 1591/1502/436
f 1580/1502/436 1581/1502/436 1609/1502/436 1608/1502/436
f 1576/1502/437 1604/1502/437 1605/1502/437 1577/1502/437
f 1615/1502/437 1587/1502/437 1588/1502/437 1616/1502/437
f 1605/1502/435 1604/1502/435 1608/1502/435 1609/1502/435
f 1580/1502/434 1578/1502/434 1589/1502/434 1591/1502/434
f 1583/1502/437 1570/1502/437 1572/1502/437 1584/1502/437
f 1551/1502/434 1628/1502/434 1627/1502/434 1550/1502/434
f 1554/1502/438 1625/1502/438 1626/1502/438 1555/1502/438
f 1585/1502/434 1641/1502/434 1643/1502/434 1613/1502/434
f 1602/1502/434 1642/1502/434 1640/1502/434 1574/1502/434
f 1533/1502/438 1541/1502/438 1626/1502/438 1625/1502/438
f 1548/1502/434 1639/1502/434 1642/1502/434 1602/1502/434
f 1546/1502/435 1638/1502/435 1639/1502/435 1548/1502/435
f 1536/1502/434 1638/1502/434 1637/1502/434 1646/1502/434
f 1613/1502/434 1643/1502/434 1636/1502/434 1549/1502/434
f 1535/1502/438 1635/1502/438 1636/1502/438 1543/1502/438
f 1547/1502/434 1635/1502/434 1634/1502/434 1545/1502/434
f 1586/1502/434 1614/1502/434 1618/1502/434 1590/1502/434
f 1575/1502/434 1579/1502/434 1607/1502/434 1603/1502/434
f 1592/1502/434 1620/1502/434 1616/1502/434 1588/1502/434
f 1577/1502/434 1605/1502/434 1609/1502/434 1581/1502/434
f 1604/1502/434 1632/1502/434 1629/1502/434 1552/1502/434
f 1576/1502/434 1630/1502/434 1632/1502/434 1604/1502/434
f 1587/1502/434 1631/1502/434 1630/1502/434 1576/1502/434
f 1615/1502/434 1633/1502/434 1631/1502/434 1587/1502/434
f 1626/1502/434 1633/1502/434 1615/1502/434 1555/1502/434
f 1622/1502/439 1535/1502/439 1645/1502/439 1621/1502/439
f 1597/1502/434 1536/1502/434 1644/1502/434 1596/1502/434
f 1645/1502/439 1535/1502/439 1539/1502/439 1647/1502/439
f 1644/1502/434 1536/1502/434 1646/1502/434 1648/1502/434
f 1653/1502/440 1654/1502/441 1662/1502/442 1661/1502/443
f 1656/1502/441 1652/1502/444 1660/1502/445 1664/1502/442
f 1649/1502/446 1653/1502/440 1661/1502/443 1657/1502/447
f 1655/1502/440 1656/1502/441 1664/1502/442 1663/1502/443
f 1651/1502/446 1655/1502/440 1663/1502/443 1659/1502/447
f 1654/1502/441 1650/1502/444 1658/1502/445 1662/1502/442
f 1650/1502/444 1649/1502/446 1657/1502/447 1658/1502/445
f 1652/1502/444 1651/1502/446 1659/1502/447 1660/1502/445
f 1669/1502/441 1672/1502/440 1680/1502/448 1677/1502/449
f 1671/1502/441 1670/1502/440 1678/1502/448 1679/1502/449
f 1670/1502/440 1666/1502/446 1674/1502/450 1678/1502/448
f 1665/1502/444 1669/1502/441 1677/1502/449 1673/1502/451
f 1668/1502/446 1665/1502/444 1673/1502/451 1676/1502/450
f 1667/1502/444 1671/1502/441 1679/1502/449 1675/1502/451
f 1666/1502/446 1667/1502/444 1675/1502/451 1674/1502/450
f 1672/1502/440 1668/1502/446 1676/1502/450 1680/1502/448
f 1674/1502/450 1675/1502/451 1679/1502/449 1678/1502/448
f 1673/1502/451 1677/1502/449 1680/1502/448 1676/1502/450
f 1657/1502/447 1661/1502/443 1662/1502/442 1658/1502/445
f 1659/1502/447 1663/1502/443 1664/1502/442 1660/1502/445
f 1633/1502/434 1626/1502/434 1541/1502/434 1612/1502/434
f 1631/1502/434 1633/1502/434 1612/1502/434 1584/1502/434
f 1632/1502/434 1630/1502/434 1572/1502/434 1601/1502/434
f 1630/1502/434 1631/1502/434 1584/1502/434 1572/1502/434
f 1629/1502/434 1632/1502/434 1601/1502/434 1540/1502/434
f 1628/1502/435 1629/1502/435 1540/1502/435 1534/1502/435
f 1628/1502/434 1534/1502/434 1537/1502/434 1627/1502/434
o FRAME.003
v 0.515625 1.437500 0.750000
v 0.515625 1.437500 -0.750000
v -0.515625 1.437500 0.750000
v -0.515625 1.437500 -0.750000
v 0.515625 2.062500 0.750000
v 0.515625 2.062500 -0.750000
v -0.515625 2.062500 0.750000
v -0.515625 2.062500 -0.750000
v -2.171875 1.437500 -0.750000
v -2.140625 1.437500 -0.750000
v -2.046875 1.437500 -0.750000
v -2.015625 1.437500 -0.750000
v -1.921875 1.437500 -0.750000
v -1.890625 1.437500 -0.750000
v -1.796875 1.437500 -0.750000
v -1.765625 1.437500 -0.750000
v -1.671875 1.437500 -0.750000
v -1.640625 1.437500 -0.750000
v -1.546875 1.437500 -0.750000
v -1.515625 1.437500 -0.750000
v -1.421875 1.437500 -0.750000
v -1.390625 1.437500 -0.750000
v -1.296875 1.437500 -0.750000
v -1.265625 1.437500 -0.750000
v -1.171875 1.437500 -0.750000
v -1.140625 1.437500 -0.750000
v -1.046875 1.437500 -0.750000
v -1.015625 1.437500 -0.750000
v -0.921875 1.437500 -0.750000
v -0.890625 1.437500 -0.750000
v -0.796875 1.437500 -0.750000
v -0.765625 1.437500 -0.750000
v -0.671875 1.437500 -0.750000
v -0.640625 1.437500 -0.750000
v -0.546875 1.437500 -0.750000
v -0.546875 1.437500 0.750000
v -0.640625 1.437500 0.750000
v -0.671875 1.437500 0.750000
v -0.765625 1.437500 0.750000
v -0.796875 1.437500 0.750000
v -0.890625 1.437500 0.750000
v -0.921875 1.437500 0.750000
v -1.015625 1.437500 0.750000
v -1.046875 1.437500 0.750000
v -1.140625 1.437500 0.750000
v -1.171875 1.437500 0.750000
v -1.265625 1.437500 0.750000
v -1.296875 1.437500 0.750000
v -1.390625 1.437500 0.750000
v -1.421875 1.437500 0.750000
v -1.515625 1.437500 0.750000
v -1.546875 1.437500 0.750000
v -1.640625 1.437500 0.750000
v -1.671875 1.437500 0.750000
v -1.765625 1.437500 0.750000
v -1.796875 1.437500 0.750000
v -1.890625 1.437500 0.750000
v -1.921875 1.437500 0.750000
v -2.015625 1.437500 0.750000
v -2.046875 1.437500 0.750000
v -2.140625 1.437500 0.750000
v -2.171875 1.437500 0.750000
v 0.546875 1.437500 -0.750000
v 0.640625 1.437500 -0.750000
v 0.671875 1.437500 -0.750000
v 0.765625 1.437500 -0.750000
v 0.796875 1.437500 -0.750000
v 0.890625 1.437500 -0.750000
v 0.921875 1.437500 -0.750000
v 1.015625 1.437500 -0.750000
v 1.046875 1.437500 -0.750000
v 1.140625 1.437500 -0.750000
v 1.171875 1.437500 -0.750000
v 1.265625 1.437500 -0.750000
v 1.296875 1.437500 -0.750000
v 1.390625 1.437500 -0.750000
v 1.421875 1.437500 -0.750000
v 1.515625 1.437500 -0.750000
v 1.546875 1.437500 -0.750000
v 1.640625 1.437500 -0.750000
v 1.671875 1.437500 -0.750000
v 1.765625 1.437500 -0.750000
v 1.796875 1.437500 -0.750000
v 1.890625 1.437500 -0.750000
v 1.921875 1.437500 -0.750000
v 2.015625 1.437500 -0.750000
v 2.046875 1.437500 -0.750000
v 2.140625 1.437500 -0.750000
v 2.171875 1.437500 -0.750000
v 2.171875 1.437500 0.750000
v 2.140625 1.437500 0.750000
v 2.046875 1.437500 0.750000
v 2.015625 1.437500 0.750000
v 1.921875 1.437500 0.750000
v 1.890625 1.437500 0.750000
v 1.796875 1.437500 0.750000
v 1.765625 1.437500 0.750000
v 1.671875 1.437500 0.750000
v 1.640625 1.437500 0.750000
v 1.546875 1.437500 0.750000
v 1.515625 1.437500 0.750000
v 1.421875 1.437500 0.750000
v 1.390625 1.437500 0.750000
v 1.296875 1.437500 0.750000
v 1.265625 1.437500 0.750000
v 1.171875 1.437500 0.750000
v 1.140625 1.437500 0.750000
v 1.046875 1.437500 0.750000
v 1.015625 1.437500 0.750000
v 0.921875 1.437500 0.750000
v 0.890625 1.437500 0.750000
v 0.796875 1.437500 0.750000
v 0.765625 1.437500 0.750000
v 0.671875 1.437500 0.750000
v 0.640625 1.437500 0.750000
v 0.546875 1.437500 0.750000
v -2.171875 2.062500 -0.750000
v -2.140625 2.062500 -0.750000
v -2.046875 2.062500 -0.750000
v -2.015625 2.062500 -0.750000
v -1.921875 2.062500 -0.750000
v -1.890625 2.062500 -0.750000
v -1.796875 2.062500 -0.750000
v -1.765625 2.062500 -0.750000
v -1.671875 2.062500 -0.750000
v -1.640625 2.062500 -0.750000
v -1.546875 2.062500 -0.750000
v -1.515625 2.062500 -0.750000
v -1.421875 2.062500 -0.750000
v -1.390625 2.062500 -0.750000
v -1.296875 2.062500 -0.750000
v -1.265625 2.062500 -0.750000
v -1.171875 2.062500 -0.750000
v -1.140625 2.062500 -0.750000
v -1.046875 2.062500 -0.750000
v -1.015625 2.062500 -0.750000
v -0.921875 2.062500 -0.750000
v -0.890625 2.062500 -0.750000
v -0.796875 2.062500 -0.750000
v -0.765625 2.062500 -0.750000
v -0.671875 2.062500 -0.750000
v -0.640625 2.062500 -0.750000
v -0.546875 2.062500 -0.750000
v -0.546875 2.062500 0.750000
v -0.640625 2.062500 0.750000
v -0.671875 2.062500 0.750000
v -0.765625 2.062500 0.750000
v -0.796875 2.062500 0.750000
v -0.890625 2.062500 0.750000
v -0.921875 2.062500 0.750000
v -1.015625 2.062500 0.750000
v -1.046875 2.062500 0.750000
v -1.140625 2.062500 0.750000
v -1.171875 2.062500 0.750000
v -1.265625 2.062500 0.750000
v -1.296875 2.062500 0.750000
v -1.390625 2.062500 0.750000
v -1.421875 2.062500 0.750000
v -1.515625 2.062500 0.750000
v -1.546875 2.062500 0.750000
v -1.640625 2.062500 0.750000
v -1.671875 2.062500 0.750000
v -1.765625 2.062500 0.750000
v -1.796875 2.062500 0.750000
v -1.890625 2.062500 0.750000
v -1.921875 2.062500 0.750000
v -2.015625 2.062500 0.750000
v -2.046875 2.062500 0.750000
v -2.140625 2.062500 0.750000
v -2.171875 2.062500 0.750000
v 0.546875 2.062500 -0.750000
v 0.640625 2.062500 -0.750000
v 0.671875 2.062500 -0.750000
v 0.765625 2.062500 -0.750000
v 0.796875 2.062500 -0.750000
v 0.890625 2.062500 -0.750000
v 0.921875 2.062500 -0.750000
v 1.015625 2.062500 -0.750000
v 1.046875 2.062500 -0.750000
v 1.140625 2.062500 -0.750000
v 1.171875 2.062500 -0.750000
v 1.265625 2.062500 -0.750000
v 1.296875 2.062500 -0.750000
v 1.390625 2.062500 -0.750000
v 1.421875 2.062500 -0.750000
v 1.515625 2.062500 -0.750000
v 1.546875 2.062500 -0.750000
v 1.640625 2.062500 -0.750000
v 1.671875 2.062500 -0.750000
v 1.765625 2.062500 -0.750000
v 1.796875 2.062500 -0.750000
v 1.890625 2.062500 -0.750000
v 1.921875 2.062500 -0.750000
v 2.015625 2.062500 -0.750000
v 2.046875 2.062500 -0.750000
v 2.140625 2.062500 -0.750000
v 2.171875 2.062500 -0.750000
v 2.171875 2.062500 0.750000
v 2.140625 2.062500 0.750000
v 2.046875 2.062500 0.750000
v 2.015625 2.062500 0.750000
v 1.921875 2.062500 0.750000
v 1.890625 2.062500 0.750000
v 1.796875 2.062500 0.750000
v 1.765625 2.062500 0.750000
v 1.671875 2.062500 0.750000
v 1.640625 2.062500 0.750000
v 1.546875 2.062500 0.750000
v 1.515625 2.062500 0.750000
v 1.421875 2.062500 0.750000
v 1.390625 2.062500 0.750000
v 1.296875 2.062500 0.750000
v 1.265625 2.062500 0.750000
v 1.171875 2.062500 0.750000
v 1.140625 2.062500 0.750000
v 1.046875 2.062500 0.750000
v 1.015625 2.062500 0.750000
v 0.921875 2.062500 0.750000
v 0.890625 2.062500 0.750000
v 0.796875 2.062500 0.750000
v 0.765625 2.062500 0.750000
v 0.671875 2.062500 0.750000
v 0.640625 2.062500 0.750000
v 0.546875 2.062500 0.750000
v 2.234375 1.437500 0.750000
v -2.234375 1.437500 -0.750000
v 2.234375 1.437500 -0.750000
v -2.234375 1.437500 0.750000
v 2.234375 2.062500 0.750000
v -2.234375 2.062500 -0.750000
v 2.234375 2.062500 -0.750000
v -2.234375 2.062500 0.750000
v -2.203125 1.437500 -0.750000
v -2.109375 1.437500 -0.750000
v -2.078125 1.437500 -0.750000
v -1.984375 1.437500 -0.750000
v -1.953125 1.437500 -0.750000
v -1.859375 1.437500 -0.750000
v -1.828125 1.437500 -0.750000
v -1.734375 1.437500 -0.750000
v -1.703125 1.437500 -0.750000
v -1.609375 1.437500 -0.750000
v -1.578125 1.437500 -0.750000
v -1.484375 1.437500 -0.750000
v -1.453125 1.437500 -0.750000
v -1.359375 1.437500 -0.750000
v -1.328125 1.437500 -0.750000
v -1.234375 1.437500 -0.750000
v -1.203125 1.437500 -0.750000
v -1.109375 1.437500 -0.750000
v -1.078125 1.437500 -0.750000
v -0.984375 1.437500 -0.750000
v -0.953125 1.437500 -0.750000
v -0.859375 1.437500 -0.750000
v -0.828125 1.437500 -0.750000
v -0.734375 1.437500 -0.750000
v -0.703125 1.437500 -0.750000
v -0.609375 1.437500 -0.750000
v -0.578125 1.437500 -0.750000
v -0.578125 1.437500 0.750000
v -0.609375 1.437500 0.750000
v -0.703125 1.437500 0.750000
v -0.734375 1.437500 0.750000
v -0.828125 1.437500 0.750000
v -0.859375 1.437500 0.750000
v -0.953125 1.437500 0.750000
v -0.984375 1.437500 0.750000
v -1.078125 1.437500 0.750000
v -1.109375 1.437500 0.750000
v -1.203125 1.437500 0.750000
v -1.234375 1.437500 0.750000
v -1.328125 1.437500 0.750000
v -1.359375 1.437500 0.750000
v -1.453125 1.437500 0.750000
v -1.484375 1.437500 0.750000
v -1.578125 1.437500 0.750000
v -1.609375 1.437500 0.750000
v -1.703125 1.437500 0.750000
v -1.734375 1.437500 0.750000
v -1.828125 1.437500 0.750000
v -1.859375 1.437500 0.750000
v -1.953125 1.437500 0.750000
v -1.984375 1.437500 0.750000
v -2.078125 1.437500 0.750000
v -2.109375 1.437500 0.750000
v -2.203125 1.437500 0.750000
v 0.578125 1.437500 -0.750000
v 0.609375 1.437500 -0.750000
v 0.703125 1.437500 -0.750000
v 0.734375 1.437500 -0.750000
v 0.828125 1.437500 -0.750000
v 0.859375 1.437500 -0.750000
v 0.953125 1.437500 -0.750000
v 0.984375 1.437500 -0.750000
v 1.078125 1.437500 -0.750000
v 1.109375 1.437500 -0.750000
v 1.203125 1.437500 -0.750000
v 1.234375 1.437500 -0.750000
v 1.328125 1.437500 -0.750000
v 1.359375 1.437500 -0.750000
v 1.453125 1.437500 -0.750000
v 1.484375 1.437500 -0.750000
v 1.578125 1.437500 -0.750000
v 1.609375 1.437500 -0.750000
v 1.703125 1.437500 -0.750000
v 1.734375 1.437500 -0.750000
v 1.828125 1.437500 -0.750000
v 1.859375 1.437500 -0.750000
v 1.953125 1.437500 -0.750000
v 1.984375 1.437500 -0.750000
v 2.078125 1.437500 -0.750000
v 2.109375 1.437500 -0.750000
v 2.203125 1.437500 -0.750000
v 2.203125 1.437500 0.750000
v 2.109375 1.437500 0.750000
v 2.078125 1.437500 0.750000
v 1.984375 1.437500 0.750000
v 1.953125 1.437500 0.750000
v 1.859375 1.437500 0.750000
v 1.828125 1.437500 0.750000
v 1.734375 1.437500 0.750000
v 1.703125 1.437500 0.750000
v 1.609375 1.437500 0.750000
v 1.578125 1.437500 0.750000
v 1.484375 1.437500 0.750000
v 1.453125 1.437500 0.750000
v 1.359375 1.437500 0.750000
v 1.328125 1.437500 0.750000
v 1.234375 1.437500 0.750000
v 1.203125 1.437500 0.750000
v 1.109375 1.437500 0.750000
v 1.078125 1.437500 0.750000
v 0.984375 1.437500 0.750000
v 0.953125 1.437500 0.750000
v 0.859375 1.437500 0.750000
v 0.828125 1.437500 0.750000
v 0.734375 1.437500 0.750000
v 0.703125 1.437500 0.750000
v 0.609375 1.437500 0.750000
v 0.578125 1.437500 0.750000
v -2.203125 2.062500 -0.750000
v -2.109375 2.062500 -0.750000
v -2.078125 2.062500 -0.750000
v -1.984375 2.062500 -0.750000
v -1.953125 2.062500 -0.750000
v -1.859375 2.062500 -0.750000
v -1.828125 2.062500 -0.750000
v -1.734375 2.062500 -0.750000
v -1.703125 2.062500 -0.750000
v -1.609375 2.062500 -0.750000
v -1.578125 2.062500 -0.750000
v -1.484375 2.062500 -0.750000
v -1.453125 2.062500 -0.750000
v -1.359375 2.062500 -0.750000
v -1.328125 2.062500 -0.750000
v -1.234375 2.062500 -0.750000
v -1.203125 2.062500 -0.750000
v -1.109375 2.062500 -0.750000
v -1.078125 2.062500 -0.750000
v -0.984375 2.062500 -0.750000
v -0.953125 2.062500 -0.750000
v -0.859375 2.062500 -0.750000
v -0.828125 2.062500 -0.750000
v -0.734375 2.062500 -0.750000
v -0.703125 2.062500 -0.750000
v -0.609375 2.062500 -0.750000
v -0.578125 2.062500 -0.750000
v -0.578125 2.062500 0.750000
v -0.609375 2.062500 0.750000
v -0.703125 2.062500 0.750000
v -0.734375 2.062500 0.750000
v -0.828125 2.062500 0.750000
v -0.859375 2.062500 0.750000
v -0.953125 2.062500 0.750000
v -0.984375 2.062500 0.750000
v -1.078125 2.062500 0.750000
v -1.109375 2.062500 0.750000
v -1.203125 2.062500 0.750000
v -1.234375 2.062500 0.750000
v -1.328125 2.062500 0.750000
v -1.359375 2.062500 0.750000
v -1.453125 2.062500 0.750000
v -1.484375 2.062500 0.750000
v -1.578125 2.062500 0.750000
v -1.609375 2.062500 0.750000
v -1.703125 2.062500 0.750000
v -1.734375 2.062500 0.750000
v -1.828125 2.062500 0.750000
v -1.859375 2.062500 0.750000
v -1.953125 2.062500 0.750000
v -1.984375 2.062500 0.750000
v -2.078125 2.062500 0.750000
v -2.109375 2.062500 0.750000
v -2.203125 2.062500 0.750000
v 0.578125 2.062500 -0.750000
v 0.609375 2.062500 -0.750000
v 0.703125 2.062500 -0.750000
v 0.734375 2.062500 -0.750000
v 0.828125 2.062500 -0.750000
v 0.859375 2.062500 -0.750000
v 0.953125 2.062500 -0.750000
v 0.984375 2.062500 -0.750000
v 1.078125 2.062500 -0.750000
v 1.109375 2.062500 -0.750000
v 1.203125 2.062500 -0.750000
v 1.234375 2.062500 -0.750000
v 1.328125 2.062500 -0.750000
v 1.359375 2.062500 -0.750000
v 1.453125 2.062500 -0.750000
v 1.484375 2.062500 -0.750000
v 1.578125 2.062500 -0.750000
v 1.609375 2.062500 -0.750000
v 1.703125 2.062500 -0.750000
v 1.734375 2.062500 -0.750000
v 1.828125 2.062500 -0.750000
v 1.859375 2.062500 -0.750000
v 1.953125 2.062500 -0.750000
v 1.984375 2.062500 -0.750000
v 2.078125 2.062500 -0.750000
v 2.109375 2.062500 -0.750000
v 2.203125 2.062500 -0.750000
v 2.203125 2.062500 0.750000
v 2.109375 2.062500 0.750000
v 2.078125 2.062500 0.750000
v 1.984375 2.062500 0.750000
v 1.953125 2.062500 0.750000
v 1.859375 2.062500 0.750000
v 1.828125 2.062500 0.750000
v 1.734375 2.062500 0.750000
v 1.703125 2.062500 0.750000
v 1.609375 2.062500 0.750000
v 1.578125 2.062500 0.750000
v 1.484375 2.062500 0.750000
v 1.453125 2.062500 0.750000
v 1.359375 2.062500 0.750000
v 1.328125 2.062500 0.750000
v 1.234375 2.062500 0.750000
v 1.203125 2.062500 0.750000
v 1.109375 2.062500 0.750000
v 1.078125 2.062500 0.750000
v 0.984375 2.062500 0.750000
v 0.953125 2.062500 0.750000
v 0.859375 2.062500 0.750000
v 0.828125 2.062500 0.750000
v 0.734375 2.062500 0.750000
v 0.703125 2.062500 0.750000
v 0.609375 2.062500 0.750000
v 0.578125 2.062500 0.750000
vn -0.0000 -0.0000 -1.0000
vn -0.0000 -0.0000 1.0000
vt 0.316406 0.851562
vt 0.316406 0.890625
vt 0.312500 0.890625
vt 0.312500 0.851562
vt 0.316406 0.851562
vt 0.316406 0.890625
vt 0.312500 0.890625
vt 0.312500 0.851562
vt 0.417969 0.851563
vt 0.417969 0.890625
vt 0.414063 0.890625
vt 0.414062 0.851563
vt 0.410156 0.851563
vt 0.410156 0.890625
vt 0.406250 0.890625
vt 0.406250 0.851563
vt 0.402344 0.851562
vt 0.402344 0.890625
vt 0.398438 0.890625
vt 0.398437 0.851562
vt 0.394531 0.851562
vt 0.394531 0.890625
vt 0.390625 0.890625
vt 0.390625 0.851562
vt 0.386719 0.851562
vt 0.386719 0.890625
vt 0.382812 0.890625
vt 0.382812 0.851562
vt 0.378906 0.851562
vt 0.378906 0.890625
vt 0.375000 0.890625
vt 0.375000 0.851562
vt 0.371094 0.851562
vt 0.371094 0.890625
vt 0.367187 0.890625
vt 0.367187 0.851562
vt 0.363281 0.851562
vt 0.363281 0.890625
vt 0.359375 0.890625
vt 0.359375 0.851562
vt 0.355469 0.851562
vt 0.355469 0.890625
vt 0.351562 0.890625
vt 0.351562 0.851562
vt 0.347656 0.851562
vt 0.347656 0.890625
vt 0.343750 0.890625
vt 0.343750 0.851562
vt 0.339844 0.851562
vt 0.339844 0.890625
vt 0.335938 0.890625
vt 0.335938 0.851562
vt 0.332031 0.851562
vt 0.332031 0.890625
vt 0.328125 0.890625
vt 0.328125 0.851563
vt 0.324219 0.851563
vt 0.324219 0.890625
vt 0.320312 0.890625
vt 0.320312 0.851562
vt 0.250000 0.851562
vt 0.250000 0.890625
vt 0.246094 0.890625
vt 0.246094 0.851563
vt 0.242188 0.851563
vt 0.242188 0.890625
vt 0.238281 0.890625
vt 0.238281 0.851563
vt 0.234375 0.851563
vt 0.234375 0.890625
vt 0.230469 0.890625
vt 0.230469 0.851562
vt 0.226562 0.851562
vt 0.226563 0.890625
vt 0.222656 0.890625
vt 0.222656 0.851562
vt 0.218750 0.851562
vt 0.218750 0.890625
vt 0.214844 0.890625
vt 0.214844 0.851562
vt 0.210937 0.851562
vt 0.210938 0.890625
vt 0.207031 0.890625
vt 0.207031 0.851562
vt 0.203125 0.851562
vt 0.203125 0.890625
vt 0.199219 0.890625
vt 0.199219 0.851562
vt 0.195312 0.851562
vt 0.195313 0.890625
vt 0.191406 0.890625
vt 0.191406 0.851562
vt 0.187500 0.851562
vt 0.187500 0.890625
vt 0.183594 0.890625
vt 0.183594 0.851562
vt 0.179688 0.851562
vt 0.179688 0.890625
vt 0.175781 0.890625
vt 0.175781 0.851562
vt 0.171875 0.851562
vt 0.171875 0.890625
vt 0.167969 0.890625
vt 0.167969 0.851562
vt 0.164062 0.851562
vt 0.164063 0.890625
vt 0.160156 0.890625
vt 0.160156 0.851562
vt 0.156250 0.851563
vt 0.156250 0.890625
vt 0.152344 0.890625
vt 0.152344 0.851563
vt 0.148438 0.851562
vt 0.148438 0.890625
vt 0.144531 0.890625
vt 0.144531 0.851562
vt 0.250000 0.890625
vt 0.246094 0.890625
vt 0.242188 0.890625
vt 0.238281 0.890625
vt 0.234375 0.890625
vt 0.230469 0.890625
vt 0.226562 0.890625
vt 0.222656 0.890625
vt 0.218750 0.890625
vt 0.214844 0.890625
vt 0.210937 0.890625
vt 0.207031 0.890625
vt 0.203125 0.890625
vt 0.199219 0.890625
vt 0.195312 0.890625
vt 0.191406 0.890625
vt 0.187500 0.890625
vt 0.183594 0.890625
vt 0.179688 0.890625
vt 0.175781 0.890625
vt 0.171875 0.890625
vt 0.167969 0.890625
vt 0.164062 0.890625
vt 0.160156 0.890625
vt 0.156250 0.890625
vt 0.152344 0.890625
vt 0.417969 0.890625
vt 0.414063 0.890625
vt 0.414063 0.851563
vt 0.410156 0.851563
vt 0.410156 0.890625
vt 0.406250 0.890625
vt 0.406250 0.851563
vt 0.402344 0.851562
vt 0.402344 0.890625
vt 0.398438 0.890625
vt 0.398438 0.851562
vt 0.394531 0.851562
vt 0.394531 0.890625
vt 0.390625 0.890625
vt 0.390625 0.851562
vt 0.386719 0.851562
vt 0.386719 0.890625
vt 0.382813 0.890625
vt 0.382812 0.851562
vt 0.378906 0.851562
vt 0.378906 0.890625
vt 0.375000 0.890625
vt 0.375000 0.851562
vt 0.371094 0.851562
vt 0.371094 0.890625
vt 0.367188 0.890625
vt 0.367188 0.851562
vt 0.363281 0.851562
vt 0.363281 0.890625
vt 0.359375 0.890625
vt 0.359375 0.851562
vt 0.355469 0.851562
vt 0.355469 0.890625
vt 0.351563 0.890625
vt 0.351562 0.851562
vt 0.347656 0.851562
vt 0.347656 0.890625
vt 0.343750 0.890625
vt 0.343750 0.851562
vt 0.339844 0.851562
vt 0.339844 0.890625
vt 0.335938 0.890625
vt 0.335938 0.851562
vt 0.332031 0.851562
vt 0.332031 0.890625
vt 0.328125 0.890625
vt 0.328125 0.851563
vt 0.324219 0.851563
vt 0.324219 0.890625
vt 0.320313 0.890625
vt 0.320313 0.851562
vt 0.140625 0.890625
vt 0.140625 0.851562
vt 0.421875 0.851562
vt 0.421875 0.890625
s 1
usemtl Colour
f 1715/1503/452 1823/1504/452 1688/1505/452 1684/1506/452
f 1796/1507/453 1904/1508/453 1685/1509/453 1681/1510/453
f 1770/1511/453 1878/1512/453 1879/1513/453 1771/1514/453
f 1772/1515/453 1880/1516/453 1881/1517/453 1773/1518/453
f 1774/1519/453 1882/1520/453 1883/1521/453 1775/1522/453
f 1776/1523/453 1884/1524/453 1885/1525/453 1777/1526/453
f 1778/1527/453 1886/1528/453 1887/1529/453 1779/1530/453
f 1780/1531/453 1888/1532/453 1889/1533/453 1781/1534/453
f 1782/1535/453 1890/1536/453 1891/1537/453 1783/1538/453
f 1784/1539/453 1892/1540/453 1893/1541/453 1785/1542/453
f 1786/1543/453 1894/1544/453 1895/1545/453 1787/1546/453
f 1788/1547/453 1896/1548/453 1897/1549/453 1789/1550/453
f 1790/1551/453 1898/1552/453 1899/1553/453 1791/1554/453
f 1792/1555/453 1900/1556/453 1901/1557/453 1793/1558/453
f 1794/1559/453 1902/1560/453 1903/1561/453 1795/1562/453
f 1682/1563/452 1686/1564/452 1851/1565/452 1743/1566/452
f 1744/1567/452 1852/1568/452 1853/1569/452 1745/1570/452
f 1746/1571/452 1854/1572/452 1855/1573/452 1747/1574/452
f 1748/1575/452 1856/1576/452 1857/1577/452 1749/1578/452
f 1750/1579/452 1858/1580/452 1859/1581/452 1751/1582/452
f 1752/1583/452 1860/1584/452 1861/1585/452 1753/1586/452
f 1754/1587/452 1862/1588/452 1863/1589/452 1755/1590/452
f 1756/1591/452 1864/1592/452 1865/1593/452 1757/1594/452
f 1758/1595/452 1866/1596/452 1867/1597/452 1759/1598/452
f 1760/1599/452 1868/1600/452 1869/1601/452 1761/1602/452
f 1762/1603/452 1870/1604/452 1871/1605/452 1763/1606/452
f 1764/1607/452 1872/1608/452 1873/1609/452 1765/1610/452
f 1766/1611/452 1874/1612/452 1875/1613/452 1767/1614/452
f 1768/1615/452 1876/1616/452 1877/1617/452 1769/1618/452
f 1683/1563/453 1687/1619/453 1824/1620/453 1716/1566/453
f 1717/1567/453 1825/1621/453 1826/1622/453 1718/1570/453
f 1719/1571/453 1827/1623/453 1828/1624/453 1720/1574/453
f 1721/1575/453 1829/1625/453 1830/1626/453 1722/1578/453
f 1723/1579/453 1831/1627/453 1832/1628/453 1724/1582/453
f 1725/1583/453 1833/1629/453 1834/1630/453 1726/1586/453
f 1727/1587/453 1835/1631/453 1836/1632/453 1728/1590/453
f 1729/1591/453 1837/1633/453 1838/1634/453 1730/1594/453
f 1731/1595/453 1839/1635/453 1840/1636/453 1732/1598/453
f 1733/1599/453 1841/1637/453 1842/1638/453 1734/1602/453
f 1735/1603/453 1843/1639/453 1844/1640/453 1736/1606/453
f 1737/1607/453 1845/1641/453 1846/1642/453 1738/1610/453
f 1739/1611/453 1847/1643/453 1848/1644/453 1740/1614/453
f 1741/1615/453 1849/1616/453 1850/1617/453 1742/1618/453
f 1689/1511/452 1797/1645/452 1798/1646/452 1690/1647/452
f 1691/1648/452 1799/1649/452 1800/1650/452 1692/1651/452
f 1693/1652/452 1801/1653/452 1802/1654/452 1694/1655/452
f 1695/1656/452 1803/1657/452 1804/1658/452 1696/1659/452
f 1697/1660/452 1805/1661/452 1806/1662/452 1698/1663/452
f 1699/1664/452 1807/1665/452 1808/1666/452 1700/1667/452
f 1701/1668/452 1809/1669/452 1810/1670/452 1702/1671/452
f 1703/1672/452 1811/1673/452 1812/1674/452 1704/1675/452
f 1705/1676/452 1813/1677/452 1814/1678/452 1706/1679/452
f 1707/1680/452 1815/1681/452 1816/1682/452 1708/1683/452
f 1709/1684/452 1817/1685/452 1818/1686/452 1710/1687/452
f 1711/1688/452 1819/1689/452 1820/1690/452 1712/1691/452
f 1713/1692/452 1821/1693/452 1822/1694/452 1714/1695/452
f 1966/1618/453 2074/1617/453 1912/1696/453 1908/1697/453
f 1993/1618/452 2101/1617/452 1911/1696/452 1907/1697/452
f 1905/1698/453 1909/1699/453 2102/1512/453 1994/1511/453
f 1995/1514/453 2103/1513/453 2104/1516/453 1996/1515/453
f 1997/1518/453 2105/1517/453 2106/1520/453 1998/1519/453
f 1999/1522/453 2107/1521/453 2108/1524/453 2000/1523/453
f 2001/1526/453 2109/1525/453 2110/1528/453 2002/1527/453
f 2003/1530/453 2111/1529/453 2112/1532/453 2004/1531/453
f 2005/1534/453 2113/1533/453 2114/1536/453 2006/1535/453
f 2007/1538/453 2115/1537/453 2116/1540/453 2008/1539/453
f 2009/1542/453 2117/1541/453 2118/1544/453 2010/1543/453
f 2011/1546/453 2119/1545/453 2120/1548/453 2012/1547/453
f 2013/1550/453 2121/1549/453 2122/1552/453 2014/1551/453
f 2015/1554/453 2123/1553/453 2124/1556/453 2016/1555/453
f 2017/1558/453 2125/1557/453 2126/1560/453 2018/1559/453
f 2019/1562/453 2127/1561/453 2128/1508/453 2020/1507/453
f 1967/1566/452 2075/1565/452 2076/1568/452 1968/1567/452
f 1969/1570/452 2077/1569/452 2078/1572/452 1970/1571/452
f 1971/1574/452 2079/1573/452 2080/1576/452 1972/1575/452
f 1973/1578/452 2081/1577/452 2082/1580/452 1974/1579/452
f 1975/1582/452 2083/1581/452 2084/1584/452 1976/1583/452
f 1977/1586/452 2085/1585/452 2086/1588/452 1978/1587/452
f 1979/1590/452 2087/1589/452 2088/1592/452 1980/1591/452
f 1981/1594/452 2089/1593/452 2090/1596/452 1982/1595/452
f 1983/1598/452 2091/1597/452 2092/1600/452 1984/1599/452
f 1985/1602/452 2093/1601/452 2094/1604/452 1986/1603/452
f 1987/1606/452 2095/1605/452 2096/1608/452 1988/1607/452
f 1989/1610/452 2097/1609/452 2098/1612/452 1990/1611/452
f 1991/1614/452 2099/1613/452 2100/1616/452 1992/1615/452
f 1940/1566/453 2048/1620/453 2049/1621/453 1941/1567/453
f 1942/1570/453 2050/1622/453 2051/1623/453 1943/1571/453
f 1944/1574/453 2052/1624/453 2053/1625/453 1945/1575/453
f 1946/1578/453 2054/1626/453 2055/1627/453 1947/1579/453
f 1948/1582/453 2056/1628/453 2057/1629/453 1949/1583/453
f 1950/1586/453 2058/1630/453 2059/1631/453 1951/1587/453
f 1952/1590/453 2060/1632/453 2061/1633/453 1953/1591/453
f 1954/1594/453 2062/1634/453 2063/1635/453 1955/1595/453
f 1956/1598/453 2064/1636/453 2065/1637/453 1957/1599/453
f 1958/1602/453 2066/1638/453 2067/1639/453 1959/1603/453
f 1960/1606/453 2068/1640/453 2069/1641/453 1961/1607/453
f 1962/1610/453 2070/1642/453 2071/1643/453 1963/1611/453
f 1964/1614/453 2072/1644/453 2073/1616/453 1965/1615/453
f 1906/1698/452 1910/1699/452 2021/1645/452 1913/1511/452
f 1914/1647/452 2022/1646/452 2023/1649/452 1915/1648/452
f 1916/1651/452 2024/1650/452 2025/1653/452 1917/1652/452
f 1918/1655/452 2026/1654/452 2027/1657/452 1919/1656/452
f 1920/1659/452 2028/1658/452 2029/1661/452 1921/1660/452
f 1922/1663/452 2030/1662/452 2031/1665/452 1923/1664/452
f 1924/1667/452 2032/1666/452 2033/1669/452 1925/1668/452
f 1926/1671/452 2034/1670/452 2035/1673/452 1927/1672/452
f 1928/1675/452 2036/1674/452 2037/1677/452 1929/1676/452
f 1930/1679/452 2038/1678/452 2039/1681/452 1931/1680/452
f 1932/1683/452 2040/1682/452 2041/1685/452 1933/1684/452
f 1934/1687/452 2042/1686/452 2043/1689/452 1935/1688/452
f 1936/1691/452 2044/1690/452 2045/1693/452 1937/1692/452
f 1938/1695/452 2046/1694/452 2047/1504/452 1939/1503/452
o FRAME.007
v -0.187500 2.312500 -0.437500
v 0.187500 2.312500 -0.437500
v -0.187500 2.312500 0.437500
v 0.187500 2.312500 0.437500
v -0.437500 2.312500 0.187500
v -0.187500 2.312500 0.187500
v 0.187500 2.312500 0.187500
v 0.437500 2.312500 0.187500
v -0.437500 2.312500 -0.187500
v -0.187500 2.312500 -0.187500
v 0.187500 2.312500 -0.187500
v 0.437500 2.312500 -0.187500
v -0.125000 2.312500 -0.437500
v -0.062500 2.312500 -0.437500
v -0.000000 2.312500 -0.437500
v 0.062500 2.312500 -0.437500
v 0.125000 2.312500 -0.437500
v -0.125000 2.312500 0.437500
v -0.062500 2.312500 0.437500
v -0.000000 2.312500 0.437500
v 0.062500 2.312500 0.437500
v 0.125000 2.312500 0.437500
v -0.125000 2.312500 0.187500
v -0.062500 2.312500 0.187500
v -0.000000 2.312500 0.187500
v 0.062500 2.312500 0.187500
v 0.125000 2.312500 0.187500
v -0.125000 2.312500 -0.187500
v -0.062500 2.312500 -0.187500
v -0.000000 2.312500 -0.187500
v 0.062500 2.312500 -0.187500
v 0.125000 2.312500 -0.187500
v 0.437500 2.312500 -0.125000
v 0.437500 2.312500 -0.062500
v 0.437500 2.312500 0.000000
v 0.437500 2.312500 0.062500
v 0.437500 2.312500 0.125000
v 0.187500 2.312500 -0.125000
v 0.187500 2.312500 -0.062500
v 0.187500 2.312500 0.000000
v 0.187500 2.312500 0.062500
v 0.187500 2.312500 0.125000
v -0.187500 2.312500 -0.125000
v -0.187500 2.312500 -0.062500
v -0.187500 2.312500 0.000000
v -0.187500 2.312500 0.062500
v -0.187500 2.312500 0.125000
v -0.437500 2.312500 -0.125000
v -0.437500 2.312500 -0.062500
v -0.437500 2.312500 0.000000
v -0.437500 2.312500 0.062500
v -0.437500 2.312500 0.125000
v -0.125000 2.312500 0.125000
v -0.125000 2.312500 0.062500
v -0.125000 2.312500 0.000000
v -0.125000 2.312500 -0.062500
v -0.125000 2.312500 -0.125000
v -0.062500 2.312500 0.125000
v -0.062500 2.312500 0.062500
v -0.062500 2.312500 0.000000
v -0.062500 2.312500 -0.062500
v -0.062500 2.312500 -0.125000
v -0.000000 2.312500 0.125000
v -0.000000 2.312500 0.062500
v -0.000000 2.312500 0.000000
v -0.000000 2.312500 -0.062500
v -0.000000 2.312500 -0.125000
v 0.062500 2.312500 0.125000
v 0.062500 2.312500 0.062500
v 0.062500 2.312500 0.000000
v 0.062500 2.312500 -0.062500
v 0.062500 2.312500 -0.125000
v 0.125000 2.312500 0.125000
v 0.125000 2.312500 0.062500
v 0.125000 2.312500 0.000000
v 0.125000 2.312500 -0.062500
v 0.125000 2.312500 -0.125000
v -0.375000 2.312500 0.187500
v -0.312500 2.312500 0.187500
v -0.250000 2.312500 0.187500
v 0.250000 2.312500 0.187500
v 0.312500 2.312500 0.187500
v 0.375000 2.312500 0.187500
v -0.375000 2.312500 -0.187500
v -0.312500 2.312500 -0.187500
v -0.250000 2.312500 -0.187500
v 0.250000 2.312500 -0.187500
v 0.312500 2.312500 -0.187500
v 0.375000 2.312500 -0.187500
v -0.250000 2.312500 -0.375000
v -0.312500 2.312500 -0.312500
v -0.375000 2.312500 -0.250000
v 0.187500 2.312500 -0.375000
v 0.187500 2.312500 -0.312500
v 0.187500 2.312500 -0.250000
v -0.187500 2.312500 -0.375000
v -0.187500 2.312500 -0.312500
v -0.187500 2.312500 -0.250000
v 0.187500 2.312500 0.250000
v 0.187500 2.312500 0.312500
v 0.187500 2.312500 0.375000
v -0.187500 2.312500 0.250000
v -0.187500 2.312500 0.312500
v -0.187500 2.312500 0.375000
v -0.250000 2.312500 0.375000
v -0.312500 2.312500 0.312500
v -0.375000 2.312500 0.250000
v 0.375000 2.312500 -0.250000
v 0.312500 2.312500 -0.312500
v 0.250000 2.312500 -0.375000
v 0.375000 2.312500 0.250000
v 0.312500 2.312500 0.312500
v 0.250000 2.312500 0.375000
v -0.125000 2.312500 0.375000
v -0.125000 2.312500 0.312500
v -0.125000 2.312500 0.250000
v -0.062500 2.312500 0.375000
v -0.062500 2.312500 0.312500
v -0.062500 2.312500 0.250000
v -0.000000 2.312500 0.375000
v -0.000000 2.312500 0.312500
v -0.000000 2.312500 0.250000
v 0.062500 2.312500 0.375000
v 0.062500 2.312500 0.312500
v 0.062500 2.312500 0.250000
v 0.125000 2.312500 0.375000
v 0.125000 2.312500 0.312500
v 0.125000 2.312500 0.250000
v -0.125000 2.312500 -0.250000
v -0.125000 2.312500 -0.312500
v -0.125000 2.312500 -0.375000
v -0.062500 2.312500 -0.250000
v -0.062500 2.312500 -0.312500
v -0.062500 2.312500 -0.375000
v -0.000000 2.312500 -0.250000
v -0.000000 2.312500 -0.312500
v -0.000000 2.312500 -0.375000
v 0.062500 2.312500 -0.250000
v 0.062500 2.312500 -0.312500
v 0.062500 2.312500 -0.375000
v 0.125000 2.312500 -0.250000
v 0.125000 2.312500 -0.312500
v 0.125000 2.312500 -0.375000
v -0.375000 2.312500 -0.125000
v -0.312500 2.312500 -0.125000
v -0.250000 2.312500 -0.125000
v -0.375000 2.312500 -0.062500
v -0.312500 2.312500 -0.062500
v -0.250000 2.312500 -0.062500
v -0.375000 2.312500 0.000000
v -0.312500 2.312500 0.000000
v -0.250000 2.312500 0.000000
v -0.375000 2.312500 0.062500
v -0.312500 2.312500 0.062500
v -0.250000 2.312500 0.062500
v -0.375000 2.312500 0.125000
v -0.312500 2.312500 0.125000
v -0.250000 2.312500 0.125000
v 0.250000 2.312500 -0.125000
v 0.312500 2.312500 -0.125000
v 0.375000 2.312500 -0.125000
v 0.250000 2.312500 -0.062500
v 0.312500 2.312500 -0.062500
v 0.375000 2.312500 -0.062500
v 0.250000 2.312500 0.000000
v 0.312500 2.312500 0.000000
v 0.375000 2.312500 0.000000
v 0.250000 2.312500 0.062500
v 0.312500 2.312500 0.062500
v 0.375000 2.312500 0.062500
v 0.250000 2.312500 0.125000
v 0.312500 2.312500 0.125000
v 0.375000 2.312500 0.125000
v 0.312500 2.312500 -0.250000
v 0.250000 2.312500 -0.312500
v 0.250000 2.312500 -0.250000
v -0.250000 2.312500 -0.312500
v -0.312500 2.312500 -0.250000
v -0.250000 2.312500 -0.250000
v -0.250000 2.312500 0.250000
v -0.312500 2.312500 0.250000
v -0.250000 2.312500 0.312500
v 0.250000 2.312500 0.250000
v 0.250000 2.312500 0.312500
v 0.312500 2.312500 0.250000
v 0.156250 2.312500 -0.437500
v 0.156250 2.312500 0.437500
v -0.218750 2.312500 0.187500
v 0.156250 2.312500 0.187500
v 0.406250 2.312500 0.187500
v -0.218750 2.312500 -0.187500
v 0.156250 2.312500 -0.187500
v 0.406250 2.312500 -0.187500
v -0.406250 2.312500 -0.218750
v 0.187500 2.312500 -0.218750
v -0.187500 2.312500 -0.218750
v 0.437500 2.312500 0.156250
v 0.187500 2.312500 0.156250
v -0.187500 2.312500 0.156250
v -0.437500 2.312500 0.156250
v 0.187500 2.312500 0.406250
v -0.187500 2.312500 0.406250
v -0.406250 2.312500 0.218750
v 0.218750 2.312500 -0.406250
v 0.218750 2.312500 0.406250
v -0.156250 2.312500 -0.437500
v -0.093750 2.312500 -0.437500
v -0.031250 2.312500 -0.437500
v 0.031250 2.312500 -0.437500
v 0.093750 2.312500 -0.437500
v -0.156250 2.312500 0.437500
v -0.093750 2.312500 0.437500
v -0.031250 2.312500 0.437500
v 0.031250 2.312500 0.437500
v 0.093750 2.312500 0.437500
v -0.156250 2.312500 0.187500
v -0.093750 2.312500 0.187500
v -0.031250 2.312500 0.187500
v 0.031250 2.312500 0.187500
v 0.093750 2.312500 0.187500
v -0.156250 2.312500 -0.187500
v -0.093750 2.312500 -0.187500
v -0.031250 2.312500 -0.187500
v 0.031250 2.312500 -0.187500
v 0.093750 2.312500 -0.187500
v -0.125000 2.312500 0.218750
v -0.062500 2.312500 0.218750
v -0.000000 2.312500 0.218750
v 0.062500 2.312500 0.218750
v 0.125000 2.312500 0.218750
v -0.125000 2.312500 -0.156250
v -0.062500 2.312500 -0.156250
v -0.000000 2.312500 -0.156250
v 0.062500 2.312500 -0.156250
v 0.125000 2.312500 -0.156250
v -0.125000 2.312500 -0.406250
v -0.062500 2.312500 -0.406250
v -0.000000 2.312500 -0.406250
v 0.062500 2.312500 -0.406250
v 0.125000 2.312500 -0.406250
v 0.437500 2.312500 -0.156250
v 0.437500 2.312500 -0.093750
v 0.437500 2.312500 -0.031250
v 0.437500 2.312500 0.031250
v 0.437500 2.312500 0.093750
v 0.187500 2.312500 -0.156250
v 0.187500 2.312500 -0.093750
v 0.187500 2.312500 -0.031250
v 0.187500 2.312500 0.031250
v 0.187500 2.312500 0.093750
v -0.187500 2.312500 -0.156250
v -0.187500 2.312500 -0.093750
v -0.187500 2.312500 -0.031250
v -0.187500 2.312500 0.031250
v -0.187500 2.312500 0.093750
v -0.437500 2.312500 -0.156250
v -0.437500 2.312500 -0.093750
v -0.437500 2.312500 -0.031250
v -0.437500 2.312500 0.031250
v -0.437500 2.312500 0.093750
v -0.125000 2.312500 0.156250
v -0.125000 2.312500 0.093750
v -0.125000 2.312500 0.031250
v -0.125000 2.312500 -0.031250
v -0.125000 2.312500 -0.093750
v -0.062500 2.312500 0.156250
v -0.062500 2.312500 0.093750
v -0.062500 2.312500 0.031250
v -0.062500 2.312500 -0.031250
v -0.062500 2.312500 -0.093750
v -0.000000 2.312500 0.156250
v -0.000000 2.312500 0.093750
v -0.000000 2.312500 0.031250
v -0.000000 2.312500 -0.031250
v -0.000000 2.312500 -0.093750
v 0.062500 2.312500 0.156250
v 0.062500 2.312500 0.093750
v 0.062500 2.312500 0.031250
v 0.062500 2.312500 -0.031250
v 0.062500 2.312500 -0.093750
v 0.125000 2.312500 0.156250
v 0.125000 2.312500 0.093750
v 0.125000 2.312500 0.031250
v 0.125000 2.312500 -0.031250
v 0.125000 2.312500 -0.093750
v 0.093750 2.312500 -0.125000
v 0.093750 2.312500 -0.062500
v 0.093750 2.312500 0.000000
v 0.093750 2.312500 0.062500
v 0.093750 2.312500 0.125000
v 0.031250 2.312500 -0.125000
v 0.031250 2.312500 -0.062500
v 0.031250 2.312500 0.000000
v 0.031250 2.312500 0.062500
v 0.031250 2.312500 0.125000
v -0.031250 2.312500 -0.125000
v -0.031250 2.312500 -0.062500
v -0.031250 2.312500 0.000000
v -0.031250 2.312500 0.062500
v -0.031250 2.312500 0.125000
v -0.093750 2.312500 -0.125000
v -0.093750 2.312500 -0.062500
v -0.093750 2.312500 0.000000
v -0.093750 2.312500 0.062500
v -0.093750 2.312500 0.125000
v -0.156250 2.312500 -0.125000
v -0.156250 2.312500 -0.062500
v -0.156250 2.312500 0.000000
v -0.156250 2.312500 0.062500
v -0.156250 2.312500 0.125000
v -0.218750 2.312500 -0.125000
v -0.218750 2.312500 -0.062500
v -0.218750 2.312500 0.000000
v -0.218750 2.312500 0.062500
v -0.218750 2.312500 0.125000
v 0.156250 2.312500 -0.125000
v 0.156250 2.312500 -0.062500
v 0.156250 2.312500 0.000000
v 0.156250 2.312500 0.062500
v 0.156250 2.312500 0.125000
v 0.406250 2.312500 -0.125000
v 0.406250 2.312500 -0.062500
v 0.406250 2.312500 0.000000
v 0.406250 2.312500 0.062500
v 0.406250 2.312500 0.125000
v -0.406250 2.312500 0.187500
v -0.343750 2.312500 0.187500
v -0.281250 2.312500 0.187500
v 0.218750 2.312500 0.187500
v 0.281250 2.312500 0.187500
v 0.343750 2.312500 0.187500
v -0.406250 2.312500 -0.187500
v -0.343750 2.312500 -0.187500
v -0.281250 2.312500 -0.187500
v 0.218750 2.312500 -0.187500
v 0.281250 2.312500 -0.187500
v 0.343750 2.312500 -0.187500
v -0.218750 2.312500 -0.406250
v -0.281250 2.312500 -0.343750
v -0.343750 2.312500 -0.281250
v 0.187500 2.312500 -0.406250
v 0.187500 2.312500 -0.343750
v 0.187500 2.312500 -0.281250
v -0.187500 2.312500 -0.406250
v -0.187500 2.312500 -0.343750
v -0.187500 2.312500 -0.281250
v 0.187500 2.312500 0.218750
v 0.187500 2.312500 0.281250
v 0.187500 2.312500 0.343750
v -0.187500 2.312500 0.218750
v -0.187500 2.312500 0.281250
v -0.187500 2.312500 0.343750
v -0.218750 2.312500 0.406250
v -0.281250 2.312500 0.343750
v -0.343750 2.312500 0.281250
v 0.406250 2.312500 -0.218750
v 0.343750 2.312500 -0.281250
v 0.281250 2.312500 -0.343750
v 0.406250 2.312500 0.218750
v 0.343750 2.312500 0.281250
v 0.281250 2.312500 0.343750
v -0.125000 2.312500 0.406250
v -0.125000 2.312500 0.343750
v -0.125000 2.312500 0.281250
v -0.062500 2.312500 0.406250
v -0.062500 2.312500 0.343750
v -0.062500 2.312500 0.281250
v -0.000000 2.312500 0.406250
v -0.000000 2.312500 0.343750
v -0.000000 2.312500 0.281250
v 0.062500 2.312500 0.406250
v 0.062500 2.312500 0.343750
v 0.062500 2.312500 0.281250
v 0.125000 2.312500 0.406250
v 0.125000 2.312500 0.343750
v 0.125000 2.312500 0.281250
v -0.125000 2.312500 -0.218750
v -0.125000 2.312500 -0.281250
v -0.125000 2.312500 -0.343750
v -0.062500 2.312500 -0.218750
v -0.062500 2.312500 -0.281250
v -0.062500 2.312500 -0.343750
v -0.000000 2.312500 -0.218750
v -0.000000 2.312500 -0.281250
v -0.000000 2.312500 -0.343750
v 0.062500 2.312500 -0.218750
v 0.062500 2.312500 -0.281250
v 0.062500 2.312500 -0.343750
v 0.125000 2.312500 -0.218750
v 0.125000 2.312500 -0.281250
v 0.125000 2.312500 -0.343750
v -0.406250 2.312500 -0.125000
v -0.343750 2.312500 -0.125000
v -0.281250 2.312500 -0.125000
v -0.406250 2.312500 -0.062500
v -0.343750 2.312500 -0.062500
v -0.281250 2.312500 -0.062500
v -0.406250 2.312500 0.000000
v -0.343750 2.312500 0.000000
v -0.281250 2.312500 0.000000
v -0.406250 2.312500 0.062500
v -0.343750 2.312500 0.062500
v -0.281250 2.312500 0.062500
v -0.406250 2.312500 0.125000
v -0.343750 2.312500 0.125000
v -0.281250 2.312500 0.125000
v 0.218750 2.312500 -0.125000
v 0.281250 2.312500 -0.125000
v 0.343750 2.312500 -0.125000
v 0.218750 2.312500 -0.062500
v 0.281250 2.312500 -0.062500
v 0.343750 2.312500 -0.062500
v 0.218750 2.312500 0.000000
v 0.281250 2.312500 0.000000
v 0.343750 2.312500 0.000000
v 0.218750 2.312500 0.062500
v 0.281250 2.312500 0.062500
v 0.343750 2.312500 0.062500
v 0.218750 2.312500 0.125000
v 0.281250 2.312500 0.125000
v 0.343750 2.312500 0.125000
v 0.250000 2.312500 0.093750
v 0.312500 2.312500 0.093750
v 0.375000 2.312500 0.093750
v 0.250000 2.312500 0.031250
v 0.312500 2.312500 0.031250
v 0.375000 2.312500 0.031250
v 0.250000 2.312500 -0.031250
v 0.312500 2.312500 -0.031250
v 0.375000 2.312500 -0.031250
v 0.250000 2.312500 -0.093750
v 0.312500 2.312500 -0.093750
v 0.375000 2.312500 -0.093750
v 0.250000 2.312500 -0.156250
v 0.312500 2.312500 -0.156250
v 0.375000 2.312500 -0.156250
v -0.375000 2.312500 0.093750
v -0.312500 2.312500 0.093750
v -0.250000 2.312500 0.093750
v -0.375000 2.312500 0.031250
v -0.312500 2.312500 0.031250
v -0.250000 2.312500 0.031250
v -0.375000 2.312500 -0.031250
v -0.312500 2.312500 -0.031250
v -0.250000 2.312500 -0.031250
v -0.375000 2.312500 -0.093750
v -0.312500 2.312500 -0.093750
v -0.250000 2.312500 -0.093750
v -0.375000 2.312500 -0.156250
v -0.312500 2.312500 -0.156250
v -0.250000 2.312500 -0.156250
v 0.093750 2.312500 -0.375000
v 0.093750 2.312500 -0.312500
v 0.093750 2.312500 -0.250000
v 0.031250 2.312500 -0.375000
v 0.031250 2.312500 -0.312500
v 0.031250 2.312500 -0.250000
v -0.031250 2.312500 -0.375000
v -0.031250 2.312500 -0.312500
v -0.031250 2.312500 -0.250000
v -0.093750 2.312500 -0.375000
v -0.093750 2.312500 -0.312500
v -0.093750 2.312500 -0.250000
v -0.156250 2.312500 -0.375000
v -0.156250 2.312500 -0.312500
v -0.156250 2.312500 -0.250000
v 0.093750 2.312500 0.250000
v 0.093750 2.312500 0.312500
v 0.093750 2.312500 0.375000
v 0.031250 2.312500 0.250000
v 0.031250 2.312500 0.312500
v 0.031250 2.312500 0.375000
v -0.031250 2.312500 0.250000
v -0.031250 2.312500 0.312500
v -0.031250 2.312500 0.375000
v -0.093750 2.312500 0.250000
v -0.093750 2.312500 0.312500
v -0.093750 2.312500 0.375000
v -0.156250 2.312500 0.250000
v -0.156250 2.312500 0.312500
v -0.156250 2.312500 0.375000
v 0.375000 2.312500 -0.218750
v 0.312500 2.312500 -0.218750
v 0.312500 2.312500 -0.281250
v 0.250000 2.312500 -0.218750
v 0.250000 2.312500 -0.343750
v 0.250000 2.312500 -0.281250
v 0.343750 2.312500 -0.250000
v 0.281250 2.312500 -0.312500
v 0.281250 2.312500 -0.250000
v 0.218750 2.312500 -0.375000
v 0.218750 2.312500 -0.312500
v 0.218750 2.312500 -0.250000
v -0.218750 2.312500 -0.375000
v -0.218750 2.312500 -0.312500
v -0.281250 2.312500 -0.312500
v -0.218750 2.312500 -0.250000
v -0.343750 2.312500 -0.250000
v -0.281250 2.312500 -0.250000
v -0.250000 2.312500 -0.343750
v -0.312500 2.312500 -0.281250
v -0.250000 2.312500 -0.281250
v -0.375000 2.312500 -0.218750
v -0.312500 2.312500 -0.218750
v -0.250000 2.312500 -0.218750
v -0.250000 2.312500 0.218750
v -0.218750 2.312500 0.250000
v -0.312500 2.312500 0.218750
v -0.281250 2.312500 0.250000
v -0.250000 2.312500 0.281250
v -0.218750 2.312500 0.312500
v -0.375000 2.312500 0.218750
v -0.343750 2.312500 0.250000
v -0.312500 2.312500 0.281250
v -0.281250 2.312500 0.312500
v -0.250000 2.312500 0.343750
v -0.218750 2.312500 0.375000
v 0.156250 2.312500 0.250000
v 0.156250 2.312500 0.312500
v 0.156250 2.312500 0.375000
v 0.218750 2.312500 0.250000
v 0.250000 2.312500 0.218750
v 0.218750 2.312500 0.312500
v 0.250000 2.312500 0.281250
v 0.281250 2.312500 0.250000
v 0.312500 2.312500 0.218750
v 0.218750 2.312500 0.375000
v 0.250000 2.312500 0.343750
v 0.281250 2.312500 0.312500
v 0.312500 2.312500 0.281250
v 0.343750 2.312500 0.250000
v 0.375000 2.312500 0.218750
v -0.375000 2.312500 0.156250
v -0.312500 2.312500 0.156250
v -0.250000 2.312500 0.156250
v 0.250000 2.312500 0.156250
v 0.312500 2.312500 0.156250
v 0.375000 2.312500 0.156250
v 0.156250 2.312500 -0.375000
v 0.156250 2.312500 -0.312500
v 0.156250 2.312500 -0.250000
v 0.343750 2.312500 -0.218750
v 0.156250 2.312500 -0.281250
v 0.156250 2.312500 -0.343750
v 0.156250 2.312500 -0.406250
v 0.343750 2.312500 0.156250
v 0.281250 2.312500 0.156250
v 0.218750 2.312500 0.156250
v -0.281250 2.312500 0.156250
v -0.343750 2.312500 0.156250
v -0.406250 2.312500 0.156250
v 0.218750 2.312500 0.343750
v 0.218750 2.312500 0.281250
v 0.281250 2.312500 0.218750
v 0.281250 2.312500 0.281250
v 0.343750 2.312500 0.218750
v 0.156250 2.312500 0.343750
v 0.156250 2.312500 0.281250
v 0.156250 2.312500 0.218750
v -0.343750 2.312500 0.218750
v 0.218750 2.312500 0.218750
v -0.281250 2.312500 0.218750
v -0.218750 2.312500 0.281250
v -0.281250 2.312500 0.281250
v -0.218750 2.312500 0.343750
v -0.218750 2.312500 0.218750
v -0.218750 2.312500 -0.218750
v -0.281250 2.312500 -0.218750
v -0.343750 2.312500 -0.218750
v -0.218750 2.312500 -0.281250
v -0.281250 2.312500 -0.281250
v -0.218750 2.312500 -0.343750
v 0.218750 2.312500 -0.218750
v 0.218750 2.312500 -0.281250
v 0.218750 2.312500 -0.343750
v 0.281250 2.312500 -0.218750
v 0.281250 2.312500 -0.281250
v -0.156250 2.312500 0.343750
v -0.156250 2.312500 0.281250
v -0.156250 2.312500 0.218750
v -0.093750 2.312500 0.343750
v -0.093750 2.312500 0.281250
v -0.093750 2.312500 0.218750
v -0.031250 2.312500 0.343750
v -0.031250 2.312500 0.281250
v -0.031250 2.312500 0.218750
v 0.031250 2.312500 0.343750
v 0.031250 2.312500 0.281250
v 0.031250 2.312500 0.218750
v 0.093750 2.312500 0.343750
v 0.093750 2.312500 0.281250
v 0.093750 2.312500 0.218750
v -0.156250 2.312500 -0.281250
v -0.156250 2.312500 -0.343750
v -0.156250 2.312500 -0.406250
v -0.093750 2.312500 -0.281250
v -0.093750 2.312500 -0.343750
v -0.093750 2.312500 -0.406250
v -0.031250 2.312500 -0.281250
v -0.031250 2.312500 -0.343750
v -0.031250 2.312500 -0.406250
v 0.031250 2.312500 -0.281250
v 0.031250 2.312500 -0.343750
v 0.031250 2.312500 -0.406250
v 0.093750 2.312500 -0.281250
v 0.093750 2.312500 -0.343750
v 0.093750 2.312500 -0.406250
v -0.281250 2.312500 -0.156250
v -0.343750 2.312500 -0.156250
v -0.406250 2.312500 -0.156250
v -0.281250 2.312500 -0.093750
v -0.343750 2.312500 -0.093750
v -0.406250 2.312500 -0.093750
v -0.281250 2.312500 -0.031250
v -0.343750 2.312500 -0.031250
v -0.406250 2.312500 -0.031250
v -0.281250 2.312500 0.031250
v -0.343750 2.312500 0.031250
v -0.406250 2.312500 0.031250
v -0.281250 2.312500 0.093750
v -0.343750 2.312500 0.093750
v -0.406250 2.312500 0.093750
v 0.343750 2.312500 -0.156250
v 0.281250 2.312500 -0.156250
v 0.218750 2.312500 -0.156250
v 0.343750 2.312500 -0.093750
v 0.281250 2.312500 -0.093750
v 0.218750 2.312500 -0.093750
v 0.343750 2.312500 -0.031250
v 0.281250 2.312500 -0.031250
v 0.218750 2.312500 -0.031250
v 0.343750 2.312500 0.031250
v 0.281250 2.312500 0.031250
v 0.218750 2.312500 0.031250
v 0.343750 2.312500 0.093750
v 0.281250 2.312500 0.093750
v 0.218750 2.312500 0.093750
v 0.406250 2.312500 0.093750
v 0.406250 2.312500 0.031250
v 0.406250 2.312500 -0.031250
v 0.406250 2.312500 -0.093750
v 0.406250 2.312500 -0.156250
v 0.156250 2.312500 0.093750
v 0.156250 2.312500 0.031250
v 0.156250 2.312500 -0.031250
v 0.156250 2.312500 -0.093750
v 0.156250 2.312500 -0.156250
v -0.218750 2.312500 0.093750
v -0.218750 2.312500 0.031250
v -0.218750 2.312500 -0.031250
v -0.218750 2.312500 -0.093750
v -0.218750 2.312500 -0.156250
v -0.156250 2.312500 0.093750
v -0.156250 2.312500 0.031250
v -0.156250 2.312500 -0.031250
v -0.156250 2.312500 -0.093750
v -0.156250 2.312500 -0.156250
v -0.093750 2.312500 0.093750
v -0.093750 2.312500 0.031250
v -0.093750 2.312500 -0.031250
v -0.093750 2.312500 -0.093750
v -0.093750 2.312500 -0.156250
v -0.031250 2.312500 0.093750
v -0.031250 2.312500 0.031250
v -0.031250 2.312500 -0.031250
v -0.031250 2.312500 -0.093750
v -0.031250 2.312500 -0.156250
v 0.031250 2.312500 0.093750
v 0.031250 2.312500 0.031250
v 0.031250 2.312500 -0.031250
v 0.031250 2.312500 -0.093750
v 0.031250 2.312500 -0.156250
v 0.093750 2.312500 0.093750
v 0.093750 2.312500 0.031250
v 0.093750 2.312500 -0.031250
v 0.093750 2.312500 -0.093750
v 0.093750 2.312500 -0.156250
v 0.093750 2.312500 -0.218750
v 0.031250 2.312500 -0.218750
v -0.031250 2.312500 -0.218750
v -0.093750 2.312500 -0.218750
v -0.156250 2.312500 -0.218750
v 0.093750 2.312500 0.156250
v 0.031250 2.312500 0.156250
v -0.031250 2.312500 0.156250
v -0.093750 2.312500 0.156250
v -0.156250 2.312500 0.156250
v 0.093750 2.312500 0.406250
v 0.031250 2.312500 0.406250
v -0.031250 2.312500 0.406250
v -0.093750 2.312500 0.406250
v -0.156250 2.312500 0.406250
v 0.156250 2.312500 0.406250
v -0.218750 2.312500 0.156250
v 0.156250 2.312500 0.156250
v 0.406250 2.312500 0.156250
v 0.156250 2.312500 -0.218750
vn -0.0000 1.0000 -0.0000
vt 0.605469 0.945312
vt 0.607422 0.947266
vt 0.605469 0.947266
vt 0.566406 0.984375
vt 0.568359 0.984375
vt 0.568359 0.986328
vt 0.572266 0.964844
vt 0.572266 0.962891
vt 0.574219 0.962891
vt 0.574219 0.964844
vt 0.574219 0.960938
vt 0.576172 0.960938
vt 0.576172 0.962891
vt 0.576172 0.964844
vt 0.578125 0.962891
vt 0.578125 0.964844
vt 0.605469 0.962891
vt 0.605469 0.960938
vt 0.607422 0.960938
vt 0.607422 0.962891
vt 0.580078 0.994141
vt 0.582031 0.994141
vt 0.582031 0.996094
vt 0.580078 0.996094
vt 0.578125 0.996094
vt 0.580078 0.998047
vt 0.574219 0.992188
vt 0.576172 0.992188
vt 0.576172 0.994141
vt 0.570312 0.988281
vt 0.572266 0.988281
vt 0.572266 0.990234
vt 0.576172 0.990234
vt 0.578125 0.990234
vt 0.578125 0.992188
vt 0.607422 0.964844
vt 0.609375 0.962891
vt 0.609375 0.964844
vt 0.580078 0.990234
vt 0.582031 0.990234
vt 0.582031 0.992188
vt 0.580078 0.992188
vt 0.609375 0.960938
vt 0.611328 0.960938
vt 0.611328 0.962891
vt 0.572266 0.986328
vt 0.574219 0.986328
vt 0.574219 0.988281
vt 0.576172 0.986328
vt 0.578125 0.986328
vt 0.578125 0.988281
vt 0.576172 0.988281
vt 0.611328 0.964844
vt 0.613281 0.962891
vt 0.613281 0.964844
vt 0.580078 0.986328
vt 0.582031 0.986328
vt 0.582031 0.988281
vt 0.580078 0.988281
vt 0.613281 0.960938
vt 0.615234 0.960938
vt 0.615234 0.962891
vt 0.615234 0.964844
vt 0.617188 0.962891
vt 0.617188 0.964844
vt 0.601562 0.998047
vt 0.601562 0.996094
vt 0.603516 0.996094
vt 0.603516 0.998047
vt 0.603516 1.000000
vt 0.605469 0.998047
vt 0.605469 1.000000
vt 0.601562 0.994141
vt 0.601562 0.992188
vt 0.603516 0.992188
vt 0.603516 0.994141
vt 0.607422 0.958984
vt 0.605469 0.958984
vt 0.605469 0.957031
vt 0.607422 0.957031
vt 0.605469 0.994141
vt 0.605469 0.996094
vt 0.615234 0.958984
vt 0.613281 0.958984
vt 0.613281 0.957031
vt 0.615234 0.957031
vt 0.611328 0.955078
vt 0.609375 0.955078
vt 0.609375 0.953125
vt 0.611328 0.953125
vt 0.611328 0.958984
vt 0.607422 0.955078
vt 0.609375 0.957031
vt 0.601562 0.990234
vt 0.601562 0.988281
vt 0.603516 0.988281
vt 0.603516 0.990234
vt 0.605469 0.990234
vt 0.605469 0.992187
vt 0.613281 0.986328
vt 0.613281 0.984375
vt 0.615234 0.984375
vt 0.615234 0.986328
vt 0.609375 0.949219
vt 0.611328 0.951172
vt 0.609375 0.951172
vt 0.615234 0.988281
vt 0.617188 0.986328
vt 0.617188 0.988281
vt 0.613281 0.953125
vt 0.615234 0.955078
vt 0.613281 0.955078
vt 0.607422 0.951172
vt 0.607422 0.953125
vt 0.617188 0.957031
vt 0.619141 0.958984
vt 0.617188 0.958984
vt 0.570312 0.962891
vt 0.570312 0.960938
vt 0.572266 0.960938
vt 0.568359 0.964844
vt 0.568359 0.962891
vt 0.570312 0.964844
vt 0.566406 0.962891
vt 0.566406 0.960938
vt 0.568359 0.960938
vt 0.621094 0.960938
vt 0.619141 0.960938
vt 0.605469 0.949219
vt 0.607422 0.949219
vt 0.605469 0.951172
vt 0.582031 0.947266
vt 0.582031 0.949219
vt 0.580078 0.949219
vt 0.580078 0.947266
vt 0.605469 0.953125
vt 0.605469 0.955078
vt 0.611328 0.957031
vt 0.609375 0.958984
vt 0.617188 0.960938
vt 0.603516 0.953125
vt 0.603516 0.951172
vt 0.601562 0.951172
vt 0.601562 0.949219
vt 0.603516 0.949219
vt 0.603516 0.957031
vt 0.603516 0.955078
vt 0.601562 0.955078
vt 0.601562 0.953125
vt 0.603516 0.960938
vt 0.603516 0.958984
vt 0.601562 0.958984
vt 0.601562 0.957031
vt 0.578125 0.951172
vt 0.578125 0.953125
vt 0.576172 0.953125
vt 0.576172 0.951172
vt 0.572266 0.958984
vt 0.574219 0.958984
vt 0.570312 0.958984
vt 0.570312 0.957031
vt 0.572266 0.957031
vt 0.574219 0.955078
vt 0.574219 0.957031
vt 0.572266 0.955078
vt 0.576172 0.958984
vt 0.578125 0.958984
vt 0.578125 0.960938
vt 0.576172 0.957031
vt 0.580078 0.957031
vt 0.580078 0.955078
vt 0.582031 0.955078
vt 0.582031 0.957031
vt 0.578125 0.955078
vt 0.580078 0.953125
vt 0.576172 0.955078
vt 0.574219 0.953125
vt 0.578125 0.957031
vt 0.580078 0.951172
vt 0.578125 0.949219
vt 0.582031 0.951172
vt 0.582031 0.953125
vt 0.580078 0.958984
vt 0.582031 0.958984
vt 0.582031 0.960938
vt 0.580078 0.960938
vt 0.578125 0.984375
vt 0.580078 0.984375
vt 0.574219 0.984375
vt 0.576172 0.984375
vt 0.570312 0.984375
vt 0.572266 0.984375
vt 0.570312 0.986328
vt 0.574219 0.990234
vt 0.578125 0.994141
vt 0.582031 0.998047
vt 0.582031 1.000000
vt 0.609375 0.994141
vt 0.609375 0.992188
vt 0.611328 0.992188
vt 0.611328 0.994141
vt 0.607422 0.988281
vt 0.607422 0.986328
vt 0.609375 0.986328
vt 0.609375 0.988281
vt 0.605469 0.986328
vt 0.605469 0.984375
vt 0.607422 0.984375
vt 0.607422 0.992188
vt 0.607422 0.990234
vt 0.609375 0.990234
vt 0.605469 0.988281
vt 0.607422 0.996094
vt 0.607422 0.994141
vt 0.609375 0.996094
vt 0.611328 0.988281
vt 0.611328 0.986328
vt 0.613281 0.988281
vt 0.609375 0.984375
vt 0.611328 0.984375
vt 0.611328 0.990234
vt 0.613281 0.990234
vt 0.613281 0.992188
vt 0.615234 0.990234
vt 0.617188 0.984375
vt 0.619141 0.984375
vt 0.619141 0.986328
vt 0.607422 0.998047
vt 0.583984 0.953125
vt 0.583984 0.951172
vt 0.585938 0.951172
vt 0.585938 0.953125
vt 0.583984 0.949219
vt 0.583984 0.957031
vt 0.583984 0.955078
vt 0.585938 0.955078
vt 0.585938 0.957031
vt 0.583984 0.960938
vt 0.583984 0.958984
vt 0.585938 0.958984
vt 0.585938 0.960938
vt 0.587891 0.953125
vt 0.587891 0.951172
vt 0.589844 0.951172
vt 0.589844 0.953125
vt 0.585938 0.949219
vt 0.587891 0.949219
vt 0.587891 0.957031
vt 0.587891 0.955078
vt 0.589844 0.955078
vt 0.589844 0.957031
vt 0.587891 0.960938
vt 0.587891 0.958984
vt 0.589844 0.958984
vt 0.589844 0.960938
vt 0.591797 0.953125
vt 0.591797 0.951172
vt 0.593750 0.951172
vt 0.593750 0.953125
vt 0.589844 0.949219
vt 0.591797 0.949219
vt 0.591797 0.957031
vt 0.591797 0.955078
vt 0.593750 0.955078
vt 0.593750 0.957031
vt 0.591797 0.960938
vt 0.591797 0.958984
vt 0.593750 0.958984
vt 0.593750 0.960938
vt 0.595703 0.953125
vt 0.595703 0.951172
vt 0.597656 0.951172
vt 0.597656 0.953125
vt 0.593750 0.949219
vt 0.595703 0.949219
vt 0.595703 0.957031
vt 0.595703 0.955078
vt 0.597656 0.955078
vt 0.597656 0.957031
vt 0.595703 0.960938
vt 0.595703 0.958984
vt 0.597656 0.958984
vt 0.597656 0.960938
vt 0.599609 0.953125
vt 0.599609 0.951172
vt 0.597656 0.949219
vt 0.599609 0.949219
vt 0.599609 0.957031
vt 0.599609 0.955078
vt 0.599609 0.960938
vt 0.599609 0.958984
vt 0.601562 0.960938
vt 0.583984 0.992188
vt 0.583984 0.990234
vt 0.585938 0.990234
vt 0.585938 0.992188
vt 0.583984 0.988281
vt 0.583984 0.996094
vt 0.583984 0.994141
vt 0.585938 0.994141
vt 0.585938 0.996094
vt 0.583984 1.000000
vt 0.583984 0.998047
vt 0.585938 0.998047
vt 0.585938 1.000000
vt 0.587891 0.992188
vt 0.587891 0.990234
vt 0.589844 0.990234
vt 0.589844 0.992188
vt 0.585938 0.988281
vt 0.587891 0.988281
vt 0.587891 0.996094
vt 0.587891 0.994141
vt 0.589844 0.994141
vt 0.589844 0.996094
vt 0.587891 1.000000
vt 0.587891 0.998047
vt 0.589844 0.998047
vt 0.589844 1.000000
vt 0.591797 0.992188
vt 0.591797 0.990234
vt 0.593750 0.990234
vt 0.593750 0.992188
vt 0.589844 0.988281
vt 0.591797 0.988281
vt 0.591797 0.996094
vt 0.591797 0.994141
vt 0.593750 0.994141
vt 0.593750 0.996094
vt 0.591797 1.000000
vt 0.591797 0.998047
vt 0.593750 0.998047
vt 0.593750 1.000000
vt 0.595703 0.992188
vt 0.595703 0.990234
vt 0.597656 0.990234
vt 0.597656 0.992188
vt 0.593750 0.988281
vt 0.595703 0.988281
vt 0.595703 0.996094
vt 0.595703 0.994141
vt 0.597656 0.994141
vt 0.597656 0.996094
vt 0.595703 1.000000
vt 0.595703 0.998047
vt 0.597656 0.998047
vt 0.597656 1.000000
vt 0.599609 0.992188
vt 0.599609 0.990234
vt 0.597656 0.988281
vt 0.599609 0.988281
vt 0.599609 0.996094
vt 0.599609 0.994141
vt 0.599609 1.000000
vt 0.599609 0.998047
vt 0.601562 1.000000
vt 0.576172 0.982422
vt 0.578125 0.982422
vt 0.574219 0.982422
vt 0.574219 0.980469
vt 0.576172 0.980469
vt 0.572266 0.982422
vt 0.570312 0.982422
vt 0.570312 0.980469
vt 0.572266 0.980469
vt 0.568359 0.982422
vt 0.566406 0.982422
vt 0.566406 0.980469
vt 0.568359 0.980469
vt 0.576172 0.978516
vt 0.578125 0.978516
vt 0.578125 0.980469
vt 0.574219 0.978516
vt 0.574219 0.976562
vt 0.576172 0.976562
vt 0.572266 0.978516
vt 0.570312 0.978516
vt 0.570312 0.976562
vt 0.572266 0.976562
vt 0.568359 0.978516
vt 0.566406 0.978516
vt 0.566406 0.976562
vt 0.568359 0.976562
vt 0.576172 0.974609
vt 0.578125 0.974609
vt 0.578125 0.976562
vt 0.574219 0.974609
vt 0.574219 0.972656
vt 0.576172 0.972656
vt 0.572266 0.974609
vt 0.570312 0.974609
vt 0.570312 0.972656
vt 0.572266 0.972656
vt 0.568359 0.974609
vt 0.566406 0.974609
vt 0.566406 0.972656
vt 0.568359 0.972656
vt 0.576172 0.970703
vt 0.578125 0.970703
vt 0.578125 0.972656
vt 0.574219 0.970703
vt 0.574219 0.968750
vt 0.576172 0.968750
vt 0.572266 0.970703
vt 0.570312 0.970703
vt 0.570312 0.968750
vt 0.572266 0.968750
vt 0.568359 0.970703
vt 0.566406 0.970703
vt 0.566406 0.968750
vt 0.568359 0.968750
vt 0.576172 0.966797
vt 0.578125 0.966797
vt 0.578125 0.968750
vt 0.574219 0.966797
vt 0.572266 0.966797
vt 0.570312 0.966797
vt 0.568359 0.966797
vt 0.566406 0.966797
vt 0.566406 0.964844
vt 0.615234 0.982422
vt 0.617188 0.982422
vt 0.613281 0.982422
vt 0.613281 0.980469
vt 0.615234 0.980469
vt 0.611328 0.982422
vt 0.609375 0.982422
vt 0.609375 0.980469
vt 0.611328 0.980469
vt 0.607422 0.982422
vt 0.605469 0.982422
vt 0.605469 0.980469
vt 0.607422 0.980469
vt 0.615234 0.978516
vt 0.617188 0.978516
vt 0.617188 0.980469
vt 0.613281 0.978516
vt 0.613281 0.976562
vt 0.615234 0.976562
vt 0.611328 0.978516
vt 0.609375 0.978516
vt 0.609375 0.976562
vt 0.611328 0.976562
vt 0.607422 0.978516
vt 0.605469 0.978516
vt 0.605469 0.976562
vt 0.607422 0.976562
vt 0.615234 0.974609
vt 0.617188 0.974609
vt 0.617188 0.976562
vt 0.613281 0.974609
vt 0.613281 0.972656
vt 0.615234 0.972656
vt 0.611328 0.974609
vt 0.609375 0.974609
vt 0.609375 0.972656
vt 0.611328 0.972656
vt 0.607422 0.974609
vt 0.605469 0.974609
vt 0.605469 0.972656
vt 0.607422 0.972656
vt 0.615234 0.970703
vt 0.617188 0.970703
vt 0.617188 0.972656
vt 0.613281 0.970703
vt 0.613281 0.968750
vt 0.615234 0.968750
vt 0.611328 0.970703
vt 0.609375 0.970703
vt 0.609375 0.968750
vt 0.611328 0.968750
vt 0.607422 0.970703
vt 0.605469 0.970703
vt 0.605469 0.968750
vt 0.607422 0.968750
vt 0.615234 0.966797
vt 0.617188 0.966797
vt 0.617188 0.968750
vt 0.613281 0.966797
vt 0.611328 0.966797
vt 0.609375 0.966797
vt 0.607422 0.966797
vt 0.605469 0.966797
vt 0.605469 0.964844
vt 0.619141 0.968750
vt 0.619141 0.966797
vt 0.621094 0.966797
vt 0.621094 0.968750
vt 0.619141 0.964844
vt 0.619141 0.972656
vt 0.619141 0.970703
vt 0.621094 0.970703
vt 0.621094 0.972656
vt 0.619141 0.976562
vt 0.619141 0.974609
vt 0.621094 0.974609
vt 0.621094 0.976562
vt 0.619141 0.980469
vt 0.619141 0.978516
vt 0.621094 0.978516
vt 0.621094 0.980469
vt 0.619141 0.982422
vt 0.621094 0.982422
vt 0.621094 0.984375
vt 0.603516 0.968750
vt 0.603516 0.966797
vt 0.601562 0.966797
vt 0.601562 0.964844
vt 0.603516 0.964844
vt 0.603516 0.972656
vt 0.603516 0.970703
vt 0.601562 0.970703
vt 0.601562 0.968750
vt 0.603516 0.976562
vt 0.603516 0.974609
vt 0.601562 0.974609
vt 0.601562 0.972656
vt 0.603516 0.980469
vt 0.603516 0.978516
vt 0.601562 0.978516
vt 0.601562 0.976562
vt 0.603516 0.984375
vt 0.603516 0.982422
vt 0.601562 0.982422
vt 0.601562 0.980469
vt 0.580078 0.968750
vt 0.580078 0.966797
vt 0.582031 0.966797
vt 0.582031 0.968750
vt 0.580078 0.964844
vt 0.580078 0.972656
vt 0.580078 0.970703
vt 0.582031 0.970703
vt 0.582031 0.972656
vt 0.580078 0.976562
vt 0.580078 0.974609
vt 0.582031 0.974609
vt 0.582031 0.976562
vt 0.580078 0.980469
vt 0.580078 0.978516
vt 0.582031 0.978516
vt 0.582031 0.980469
vt 0.580078 0.982422
vt 0.582031 0.982422
vt 0.582031 0.984375
vt 0.583984 0.968750
vt 0.583984 0.966797
vt 0.585938 0.966797
vt 0.585938 0.968750
vt 0.582031 0.964844
vt 0.583984 0.964844
vt 0.583984 0.972656
vt 0.583984 0.970703
vt 0.585938 0.970703
vt 0.585938 0.972656
vt 0.583984 0.976562
vt 0.583984 0.974609
vt 0.585938 0.974609
vt 0.585938 0.976562
vt 0.583984 0.980469
vt 0.583984 0.978516
vt 0.585938 0.978516
vt 0.585938 0.980469
vt 0.583984 0.984375
vt 0.583984 0.982422
vt 0.585938 0.982422
vt 0.585938 0.984375
vt 0.587891 0.968750
vt 0.587891 0.966797
vt 0.589844 0.966797
vt 0.589844 0.968750
vt 0.585938 0.964844
vt 0.587891 0.964844
vt 0.587891 0.972656
vt 0.587891 0.970703
vt 0.589844 0.970703
vt 0.589844 0.972656
vt 0.587891 0.976562
vt 0.587891 0.974609
vt 0.589844 0.974609
vt 0.589844 0.976562
vt 0.587891 0.980469
vt 0.587891 0.978516
vt 0.589844 0.978516
vt 0.589844 0.980469
vt 0.587891 0.984375
vt 0.587891 0.982422
vt 0.589844 0.982422
vt 0.589844 0.984375
vt 0.591797 0.968750
vt 0.591797 0.966797
vt 0.593750 0.966797
vt 0.593750 0.968750
vt 0.589844 0.964844
vt 0.591797 0.964844
vt 0.591797 0.972656
vt 0.591797 0.970703
vt 0.593750 0.970703
vt 0.593750 0.972656
vt 0.591797 0.976562
vt 0.591797 0.974609
vt 0.593750 0.974609
vt 0.593750 0.976562
vt 0.591797 0.980469
vt 0.591797 0.978516
vt 0.593750 0.978516
vt 0.593750 0.980469
vt 0.591797 0.984375
vt 0.591797 0.982422
vt 0.593750 0.982422
vt 0.593750 0.984375
vt 0.595703 0.968750
vt 0.595703 0.966797
vt 0.597656 0.966797
vt 0.597656 0.968750
vt 0.593750 0.964844
vt 0.595703 0.964844
vt 0.595703 0.972656
vt 0.595703 0.970703
vt 0.597656 0.970703
vt 0.597656 0.972656
vt 0.595703 0.976562
vt 0.595703 0.974609
vt 0.597656 0.974609
vt 0.597656 0.976562
vt 0.595703 0.980469
vt 0.595703 0.978516
vt 0.597656 0.978516
vt 0.597656 0.980469
vt 0.595703 0.984375
vt 0.595703 0.982422
vt 0.597656 0.982422
vt 0.597656 0.984375
vt 0.599609 0.968750
vt 0.599609 0.966797
vt 0.597656 0.964844
vt 0.599609 0.964844
vt 0.599609 0.972656
vt 0.599609 0.970703
vt 0.599609 0.976562
vt 0.599609 0.974609
vt 0.599609 0.980469
vt 0.599609 0.978516
vt 0.599609 0.984375
vt 0.599609 0.982422
vt 0.601562 0.984375
vt 0.599609 0.986328
vt 0.601562 0.986328
vt 0.597656 0.986328
vt 0.595703 0.986328
vt 0.593750 0.986328
vt 0.591797 0.986328
vt 0.589844 0.986328
vt 0.587891 0.986328
vt 0.585938 0.986328
vt 0.583984 0.986328
vt 0.599609 0.962891
vt 0.601562 0.962891
vt 0.597656 0.962891
vt 0.595703 0.962891
vt 0.593750 0.962891
vt 0.591797 0.962891
vt 0.589844 0.962891
vt 0.587891 0.962891
vt 0.585938 0.962891
vt 0.583984 0.962891
vt 0.582031 0.962891
vt 0.599609 0.947266
vt 0.601562 0.947266
vt 0.597656 0.947266
vt 0.597656 0.945312
vt 0.599609 0.945312
vt 0.595703 0.947266
vt 0.593750 0.947266
vt 0.593750 0.945312
vt 0.595703 0.945312
vt 0.591797 0.947266
vt 0.589844 0.947266
vt 0.589844 0.945312
vt 0.591797 0.945312
vt 0.587891 0.947266
vt 0.585938 0.947266
vt 0.585938 0.945312
vt 0.587891 0.945312
vt 0.583984 0.947266
vt 0.582031 0.945312
vt 0.583984 0.945312
vt 0.568359 0.958984
vt 0.603516 0.947266
vt 0.601562 0.945312
vt 0.603516 0.945312
vt 0.580078 0.962891
vt 0.603516 0.962891
vt 0.619141 0.962891
vt 0.621094 0.962891
vt 0.621094 0.964844
vt 0.603516 0.986328
s 1
usemtl Colour
f 2132/1700/454 2333/1701/454 2329/1702/454
f 2137/1703/454 2460/1704/454 2322/1705/454
f 2533/1706/454 2678/1707/454 2662/1708/454 2285/1709/454
f 2662/1708/454 2207/1710/454 2456/1711/454 2677/1712/454
f 2534/1713/454 2677/1712/454 2663/1714/454 2286/1715/454
f 2326/1716/454 2135/1717/454 2457/1718/454 2676/1719/454
f 2700/1720/454 2473/1721/454 2224/1722/454 2622/1723/454
f 2218/1724/454 2622/1723/454 2466/1725/454
f 2219/1726/454 2624/1727/454 2467/1728/454
f 2220/1729/454 2626/1730/454 2468/1731/454
f 2699/1732/454 2630/1733/454 2305/1734/454 2624/1727/454
f 2547/1735/454 2676/1719/454 2664/1736/454 2299/1737/454
f 2698/1738/454 2474/1739/454 2225/1740/454 2623/1741/454
f 2664/1736/454 2209/1742/454 2458/1743/454 2675/1744/454
f 2697/1745/454 2632/1746/454 2306/1747/454 2626/1730/454
f 2696/1748/454 2633/1749/454 2307/1750/454 2627/1751/454
f 2548/1752/454 2675/1744/454 2665/1753/454 2300/1754/454
f 2695/1755/454 2324/1756/454 2226/1757/454 2625/1758/454
f 2665/1753/454 2210/1759/454 2459/1760/454 2674/1761/454
f 2549/1762/454 2674/1761/454 2666/1763/454 2301/1764/454
f 2368/1765/454 2271/1766/454 2667/1767/454 2673/1768/454
f 2314/1769/454 2673/1768/454 2469/1770/454 2130/1771/454
f 2519/1772/454 2270/1773/454 2668/1774/454 2672/1775/454
f 2689/1776/454 2475/1777/454 2227/1778/454 2649/1779/454
f 2667/1767/454 2672/1775/454 2470/1780/454 2221/1781/454
f 2684/1782/454 2654/1783/454 2313/1784/454 2659/1785/454
f 2683/1786/454 2652/1787/454 2312/1788/454 2657/1789/454
f 2682/1790/454 2654/1783/454 2210/1759/454 2458/1743/454
f 2681/1791/454 2652/1787/454 2311/1792/454 2649/1779/454
f 2518/1793/454 2269/1794/454 2669/1795/454 2671/1796/454
f 2668/1774/454 2671/1796/454 2471/1797/454 2222/1798/454
f 2611/1799/454 2216/1800/454 2465/1801/454 2670/1802/454
f 2241/1803/454 2489/1804/454 2656/1805/454
f 2616/1806/454 2670/1802/454 2610/1807/454 2236/1808/454
f 2240/1809/454 2488/1810/454 2658/1811/454
f 2680/1812/454 2656/1805/454 2312/1788/454 2651/1813/454
f 2239/1814/454 2487/1815/454 2660/1816/454
f 2661/1817/454 2206/1818/454 2455/1819/454 2678/1707/454
f 2532/1820/454 2679/1821/454 2661/1817/454 2284/1822/454
f 2328/1823/454 2133/1824/454 2454/1825/454 2679/1821/454
f 2487/1815/454 2136/1826/454 2318/1827/454
f 2229/1828/454 2655/1829/454 2680/1812/454 2477/1830/454
f 2488/1810/454 2239/1814/454 2659/1785/454
f 2330/1831/454 2232/1832/454 2645/1833/454 2481/1834/454
f 2489/1804/454 2240/1809/454 2657/1789/454
f 2228/1835/454 2651/1813/454 2681/1791/454 2476/1836/454
f 2311/1792/454 2653/1837/454 2682/1790/454 2650/1838/454
f 2313/1784/454 2653/1837/454 2683/1786/454 2658/1811/454
f 2211/1839/454 2459/1760/454 2684/1782/454 2660/1816/454
f 2647/1840/454 2685/1841/454 2477/1830/454 2228/1835/454
f 2503/1842/454 2254/1843/454 2648/1844/454 2685/1841/454
f 2646/1845/454 2686/1846/454 2476/1836/454 2227/1778/454
f 2504/1847/454 2255/1848/454 2647/1840/454 2686/1846/454
f 2317/1849/454 2687/1850/454 2475/1777/454 2135/1717/454
f 2358/1851/454 2256/1852/454 2646/1845/454 2687/1850/454
f 2644/1853/454 2310/1854/454 2643/1855/454 2482/1856/454
f 2455/1819/454 2688/1857/454 2636/1858/454 2207/1710/454
f 2640/1859/454 2235/1860/454 2641/1861/454 2688/1857/454
f 2642/1862/454 2309/1863/454 2641/1861/454 2483/1864/454
f 2209/1742/454 2457/1718/454 2689/1776/454 2650/1838/454
f 2456/1711/454 2690/1865/454 2634/1866/454 2208/1867/454
f 2636/1858/454 2309/1863/454 2637/1868/454 2690/1865/454
f 2635/1869/454 2691/1870/454 2479/1871/454 2230/1872/454
f 2638/1873/454 2310/1854/454 2639/1874/454 2691/1870/454
f 2643/1855/454 2692/1875/454 2642/1862/454 2234/1876/454
f 2638/1873/454 2308/1877/454 2637/1868/454 2692/1875/454
f 2645/1833/454 2693/1878/454 2644/1853/454 2233/1879/454
f 2480/1880/454 2231/1881/454 2639/1874/454 2693/1878/454
f 2635/1869/454 2694/1882/454 2634/1866/454 2308/1877/454
f 2478/1883/454 2134/1884/454 2316/1885/454 2694/1882/454
f 2214/1886/454 2319/1887/454 2695/1755/454 2633/1749/454
f 2213/1888/454 2462/1889/454 2696/1748/454 2632/1746/454
f 2212/1890/454 2461/1891/454 2697/1745/454 2631/1892/454
f 2307/1750/454 2625/1758/454 2698/1738/454 2630/1733/454
f 2306/1747/454 2627/1751/454 2699/1732/454 2629/1893/454
f 2468/1731/454 2629/1893/454 2219/1726/454
f 2467/1728/454 2628/1894/454 2218/1724/454
f 2466/1725/454 2472/1895/454 2129/1896/454
f 2614/1897/454 2303/1898/454 2617/1899/454 2486/1900/454
f 2305/1734/454 2623/1741/454 2700/1720/454 2628/1894/454
f 2621/1901/454 2701/1902/454 2613/1903/454 2304/1904/454
f 2323/1905/454 2139/1906/454 2463/1907/454 2701/1902/454
f 2620/1908/454 2702/1909/454 2615/1910/454 2303/1898/454
f 2471/1797/454 2223/1911/454 2621/1901/454 2702/1909/454
f 2619/1912/454 2703/1913/454 2614/1897/454 2238/1914/454
f 2470/1780/454 2222/1798/454 2620/1908/454 2703/1913/454
f 2618/1915/454 2704/1916/454 2611/1799/454 2302/1917/454
f 2613/1903/454 2215/1918/454 2464/1919/454 2704/1916/454
f 2617/1899/454 2705/1920/454 2612/1921/454 2237/1922/454
f 2615/1910/454 2304/1904/454 2618/1915/454 2705/1920/454
f 2612/1921/454 2302/1917/454 2616/1806/454 2485/1923/454
f 2610/1807/454 2217/1924/454 2321/1925/454 2484/1926/454
f 2469/1770/454 2221/1781/454 2619/1912/454 2332/1927/454
f 2608/1928/454 2706/1929/454 2491/1930/454 2243/1931/454
f 2480/1880/454 2232/1832/454 2609/1932/454 2706/1929/454
f 2607/1933/454 2707/1934/454 2492/1935/454 2244/1936/454
f 2479/1871/454 2231/1881/454 2608/1928/454 2707/1934/454
f 2344/1937/454 2708/1938/454 2354/1939/454 2151/1940/454
f 2478/1883/454 2230/1872/454 2607/1933/454 2708/1938/454
f 2605/1941/454 2709/1942/454 2494/1943/454 2246/1944/454
f 2491/1930/454 2242/1945/454 2606/1946/454 2709/1942/454
f 2604/1947/454 2710/1948/454 2495/1949/454 2247/1950/454
f 2492/1935/454 2243/1931/454 2605/1941/454 2710/1948/454
f 2345/1951/454 2711/1952/454 2355/1953/454 2152/1954/454
f 2354/1939/454 2244/1936/454 2604/1947/454 2711/1952/454
f 2602/1955/454 2712/1956/454 2497/1957/454 2249/1958/454
f 2494/1943/454 2245/1959/454 2603/1960/454 2712/1956/454
f 2601/1961/454 2713/1962/454 2498/1963/454 2250/1964/454
f 2495/1949/454 2246/1944/454 2602/1955/454 2713/1962/454
f 2346/1965/454 2714/1966/454 2356/1967/454 2153/1968/454
f 2355/1953/454 2247/1950/454 2601/1961/454 2714/1966/454
f 2599/1969/454 2715/1970/454 2500/1971/454 2252/1972/454
f 2497/1957/454 2248/1973/454 2600/1974/454 2715/1970/454
f 2598/1975/454 2716/1976/454 2501/1977/454 2253/1978/454
f 2498/1963/454 2249/1958/454 2599/1969/454 2716/1976/454
f 2347/1979/454 2717/1980/454 2357/1981/454 2154/1982/454
f 2356/1967/454 2250/1964/454 2598/1975/454 2717/1980/454
f 2596/1983/454 2718/1984/454 2503/1842/454 2255/1848/454
f 2500/1971/454 2251/1985/454 2597/1986/454 2718/1984/454
f 2595/1987/454 2719/1988/454 2504/1847/454 2256/1852/454
f 2501/1977/454 2252/1972/454 2596/1983/454 2719/1988/454
f 2348/1989/454 2720/1990/454 2358/1851/454 2155/1991/454
f 2357/1981/454 2253/1978/454 2595/1987/454 2720/1990/454
f 2593/1992/454 2721/1993/454 2506/1994/454 2258/1995/454
f 2474/1739/454 2226/1757/454 2594/1996/454 2721/1993/454
f 2592/1997/454 2722/1998/454 2507/1999/454 2259/2000/454
f 2473/1721/454 2225/1740/454 2593/1992/454 2722/1998/454
f 2334/2001/454 2723/2002/454 2364/2003/454 2141/2004/454
f 2472/1895/454 2224/1722/454 2592/1997/454 2723/2002/454
f 2590/2005/454 2724/2006/454 2509/2007/454 2261/2008/454
f 2506/1994/454 2257/2009/454 2591/2010/454 2724/2006/454
f 2589/2011/454 2725/2012/454 2510/2013/454 2262/2014/454
f 2507/1999/454 2258/1995/454 2590/2005/454 2725/2012/454
f 2335/2015/454 2726/2016/454 2365/2017/454 2142/2018/454
f 2364/2003/454 2259/2000/454 2589/2011/454 2726/2016/454
f 2587/2019/454 2727/2020/454 2512/2021/454 2264/2022/454
f 2509/2007/454 2260/2023/454 2588/2024/454 2727/2020/454
f 2586/2025/454 2728/2026/454 2513/2027/454 2265/2028/454
f 2510/2013/454 2261/2008/454 2587/2019/454 2728/2026/454
f 2336/2029/454 2729/2030/454 2366/2031/454 2143/2032/454
f 2365/2017/454 2262/2014/454 2586/2025/454 2729/2030/454
f 2584/2033/454 2730/2034/454 2515/2035/454 2267/2036/454
f 2512/2021/454 2263/2037/454 2585/2038/454 2730/2034/454
f 2583/2039/454 2731/2040/454 2516/2041/454 2268/2042/454
f 2513/2027/454 2264/2022/454 2584/2033/454 2731/2040/454
f 2337/2043/454 2732/2044/454 2367/2045/454 2144/2046/454
f 2366/2031/454 2265/2028/454 2583/2039/454 2732/2044/454
f 2581/2047/454 2733/2048/454 2518/1793/454 2270/1773/454
f 2515/2035/454 2266/2049/454 2582/2050/454 2733/2048/454
f 2580/2051/454 2734/2052/454 2519/1772/454 2271/1766/454
f 2516/2041/454 2267/2036/454 2581/2047/454 2734/2052/454
f 2338/2053/454 2735/2054/454 2368/1765/454 2145/2055/454
f 2367/2045/454 2268/2042/454 2580/2051/454 2735/2054/454
f 2462/1889/454 2736/2056/454 2579/2057/454 2214/1886/454
f 2578/2058/454 2273/2059/454 2522/2060/454 2736/2056/454
f 2461/1891/454 2737/2061/454 2578/2058/454 2213/1888/454
f 2577/2062/454 2272/2063/454 2521/2064/454 2737/2061/454
f 2460/1704/454 2738/2065/454 2577/2062/454 2212/1890/454
f 2384/2066/454 2176/2067/454 2520/2068/454 2738/2065/454
f 2522/2060/454 2739/2069/454 2576/2070/454 2274/2071/454
f 2575/2072/454 2276/2073/454 2525/2074/454 2739/2069/454
f 2521/2064/454 2740/2075/454 2575/2072/454 2273/2059/454
f 2574/2076/454 2275/2077/454 2524/2078/454 2740/2075/454
f 2520/2068/454 2741/2079/454 2574/2076/454 2272/2063/454
f 2385/2080/454 2177/2081/454 2523/2082/454 2741/2079/454
f 2525/2074/454 2742/2083/454 2573/2084/454 2277/2085/454
f 2572/2086/454 2279/2087/454 2528/2088/454 2742/2083/454
f 2524/2078/454 2743/2089/454 2572/2086/454 2276/2073/454
f 2571/2090/454 2278/2091/454 2527/2092/454 2743/2089/454
f 2523/2082/454 2744/2093/454 2571/2090/454 2275/2077/454
f 2386/2094/454 2178/2095/454 2526/2096/454 2744/2093/454
f 2528/2088/454 2745/2097/454 2570/2098/454 2280/2099/454
f 2569/2100/454 2282/2101/454 2531/2102/454 2745/2097/454
f 2527/2092/454 2746/2103/454 2569/2100/454 2279/2087/454
f 2568/2104/454 2281/2105/454 2530/2106/454 2746/2103/454
f 2526/2096/454 2747/2107/454 2568/2104/454 2278/2091/454
f 2387/2108/454 2179/2109/454 2529/2110/454 2747/2107/454
f 2531/2102/454 2748/2111/454 2567/2112/454 2283/2113/454
f 2566/2114/454 2285/1709/454 2534/1713/454 2748/2111/454
f 2530/2106/454 2749/2115/454 2566/2114/454 2282/2101/454
f 2565/2116/454 2284/1822/454 2533/1706/454 2749/2115/454
f 2529/2110/454 2750/2117/454 2565/2116/454 2281/2105/454
f 2388/2118/454 2180/2119/454 2532/1820/454 2750/2117/454
f 2465/1801/454 2751/2120/454 2564/2121/454 2217/1924/454
f 2563/2122/454 2288/2123/454 2537/2124/454 2751/2120/454
f 2464/1919/454 2752/2125/454 2563/2122/454 2216/1800/454
f 2562/2126/454 2287/2127/454 2536/2128/454 2752/2125/454
f 2463/1907/454 2753/2129/454 2562/2126/454 2215/1918/454
f 2374/2130/454 2166/2131/454 2535/2132/454 2753/2129/454
f 2537/2124/454 2754/2133/454 2561/2134/454 2289/2135/454
f 2560/2136/454 2291/2137/454 2540/2138/454 2754/2133/454
f 2536/2128/454 2755/2139/454 2560/2136/454 2288/2123/454
f 2559/2140/454 2290/2141/454 2539/2142/454 2755/2139/454
f 2535/2132/454 2756/2143/454 2559/2140/454 2287/2127/454
f 2375/2144/454 2167/2145/454 2538/2146/454 2756/2143/454
f 2540/2138/454 2757/2147/454 2558/2148/454 2292/2149/454
f 2557/2150/454 2294/2151/454 2543/2152/454 2757/2147/454
f 2539/2142/454 2758/2153/454 2557/2150/454 2291/2137/454
f 2556/2154/454 2293/2155/454 2542/2156/454 2758/2153/454
f 2538/2146/454 2759/2157/454 2556/2154/454 2290/2141/454
f 2376/2158/454 2168/2159/454 2541/2160/454 2759/2157/454
f 2543/2152/454 2760/2161/454 2555/2162/454 2295/2163/454
f 2554/2164/454 2297/2165/454 2546/2166/454 2760/2161/454
f 2542/2156/454 2761/2167/454 2554/2164/454 2294/2151/454
f 2553/2168/454 2296/2169/454 2545/2170/454 2761/2167/454
f 2541/2160/454 2762/2171/454 2553/2168/454 2293/2155/454
f 2377/2172/454 2169/2173/454 2544/2174/454 2762/2171/454
f 2546/2166/454 2763/2175/454 2552/2176/454 2298/2177/454
f 2551/2178/454 2300/1754/454 2549/1762/454 2763/2175/454
f 2545/2170/454 2764/2179/454 2551/2178/454 2297/2165/454
f 2550/2180/454 2299/1737/454 2548/1752/454 2764/2179/454
f 2544/2174/454 2765/2181/454 2550/2180/454 2296/2169/454
f 2378/2182/454 2170/2183/454 2547/1735/454 2765/2181/454
f 2452/2184/454 2766/2185/454 2373/2186/454 2164/2187/454
f 2552/2176/454 2301/1764/454 2453/2188/454 2766/2185/454
f 2451/2189/454 2767/2190/454 2372/2191/454 2163/2192/454
f 2555/2162/454 2298/2177/454 2452/2184/454 2767/2190/454
f 2450/2193/454 2768/2194/454 2371/2195/454 2162/2196/454
f 2558/2148/454 2295/2163/454 2451/2189/454 2768/2194/454
f 2449/2197/454 2769/2198/454 2370/2199/454 2161/2200/454
f 2561/2134/454 2292/2149/454 2450/2193/454 2769/2198/454
f 2321/1925/454 2770/2201/454 2369/2202/454 2140/2203/454
f 2564/2121/454 2289/2135/454 2449/2197/454 2770/2201/454
f 2447/2204/454 2771/2205/454 2378/2182/454 2169/2173/454
f 2410/2206/454 2201/2207/454 2448/2208/454 2771/2205/454
f 2446/2209/454 2772/2210/454 2377/2172/454 2168/2159/454
f 2411/2211/454 2202/2212/454 2447/2204/454 2772/2210/454
f 2445/2213/454 2773/2214/454 2376/2158/454 2167/2145/454
f 2412/2215/454 2203/2216/454 2446/2209/454 2773/2214/454
f 2444/2217/454 2774/2218/454 2375/2144/454 2166/2131/454
f 2413/2219/454 2204/2220/454 2445/2213/454 2774/2218/454
f 2320/2221/454 2775/2222/454 2374/2130/454 2139/1906/454
f 2363/2223/454 2205/2224/454 2444/2217/454 2775/2222/454
f 2442/2225/454 2776/2226/454 2383/2227/454 2174/2228/454
f 2567/2112/454 2286/1715/454 2443/2229/454 2776/2226/454
f 2441/2230/454 2777/2231/454 2382/2232/454 2173/2233/454
f 2570/2098/454 2283/2113/454 2442/2225/454 2777/2231/454
f 2440/2234/454 2778/2235/454 2381/2236/454 2172/2237/454
f 2573/2084/454 2280/2099/454 2441/2230/454 2778/2235/454
f 2439/2238/454 2779/2239/454 2380/2240/454 2171/2241/454
f 2576/2070/454 2277/2085/454 2440/2234/454 2779/2239/454
f 2319/1887/454 2780/2242/454 2379/2243/454 2138/2244/454
f 2579/2057/454 2274/2071/454 2439/2238/454 2780/2242/454
f 2437/2245/454 2781/2246/454 2390/2247/454 2182/2248/454
f 2383/2227/454 2175/2249/454 2438/2250/454 2781/2246/454
f 2436/2251/454 2782/2252/454 2391/2253/454 2183/2254/454
f 2382/2232/454 2174/2228/454 2437/2245/454 2782/2252/454
f 2435/2255/454 2783/2256/454 2392/2257/454 2184/2258/454
f 2381/2236/454 2173/2233/454 2436/2251/454 2783/2256/454
f 2434/2259/454 2784/2260/454 2393/2261/454 2185/2262/454
f 2380/2240/454 2172/2237/454 2435/2255/454 2784/2260/454
f 2349/2263/454 2785/2264/454 2359/2265/454 2156/2266/454
f 2379/2243/454 2171/2241/454 2434/2259/454 2785/2264/454
f 2432/2267/454 2786/2268/454 2395/2269/454 2187/2270/454
f 2390/2247/454 2181/2271/454 2433/2272/454 2786/2268/454
f 2431/2273/454 2787/2274/454 2396/2275/454 2188/2276/454
f 2391/2253/454 2182/2248/454 2432/2267/454 2787/2274/454
f 2430/2277/454 2788/2278/454 2397/2279/454 2189/2280/454
f 2392/2257/454 2183/2254/454 2431/2273/454 2788/2278/454
f 2429/2281/454 2789/2282/454 2398/2283/454 2190/2284/454
f 2393/2261/454 2184/2258/454 2430/2277/454 2789/2282/454
f 2350/2285/454 2790/2286/454 2360/2287/454 2157/2288/454
f 2359/2265/454 2185/2262/454 2429/2281/454 2790/2286/454
f 2427/2289/454 2791/2290/454 2400/2291/454 2192/2292/454
f 2395/2269/454 2186/2293/454 2428/2294/454 2791/2290/454
f 2426/2295/454 2792/2296/454 2401/2297/454 2193/2298/454
f 2396/2275/454 2187/2270/454 2427/2289/454 2792/2296/454
f 2425/2299/454 2793/2300/454 2402/2301/454 2194/2302/454
f 2397/2279/454 2188/2276/454 2426/2295/454 2793/2300/454
f 2424/2303/454 2794/2304/454 2403/2305/454 2195/2306/454
f 2398/2283/454 2189/2280/454 2425/2299/454 2794/2304/454
f 2351/2307/454 2795/2308/454 2361/2309/454 2158/2310/454
f 2360/2287/454 2190/2284/454 2424/2303/454 2795/2308/454
f 2422/2311/454 2796/2312/454 2405/2313/454 2197/2314/454
f 2400/2291/454 2191/2315/454 2423/2316/454 2796/2312/454
f 2421/2317/454 2797/2318/454 2406/2319/454 2198/2320/454
f 2401/2297/454 2192/2292/454 2422/2311/454 2797/2318/454
f 2420/2321/454 2798/2322/454 2407/2323/454 2199/2324/454
f 2402/2301/454 2193/2298/454 2421/2317/454 2798/2322/454
f 2419/2325/454 2799/2326/454 2408/2327/454 2200/2328/454
f 2403/2305/454 2194/2302/454 2420/2321/454 2799/2326/454
f 2352/2329/454 2800/2330/454 2362/2331/454 2159/2332/454
f 2361/2309/454 2195/2306/454 2419/2325/454 2800/2330/454
f 2417/2333/454 2801/2334/454 2410/2206/454 2202/2212/454
f 2405/2313/454 2196/2335/454 2418/2336/454 2801/2334/454
f 2416/2337/454 2802/2338/454 2411/2211/454 2203/2216/454
f 2406/2319/454 2197/2314/454 2417/2333/454 2802/2338/454
f 2415/2339/454 2803/2340/454 2412/2215/454 2204/2220/454
f 2407/2323/454 2198/2320/454 2416/2337/454 2803/2340/454
f 2414/2341/454 2804/2342/454 2413/2219/454 2205/2224/454
f 2408/2327/454 2199/2324/454 2415/2339/454 2804/2342/454
f 2353/2343/454 2805/2344/454 2363/2223/454 2160/2345/454
f 2362/2331/454 2200/2328/454 2414/2341/454 2805/2344/454
f 2582/2050/454 2806/2346/454 2517/2347/454 2269/1794/454
f 2514/2348/454 2159/2332/454 2353/2343/454 2806/2346/454
f 2585/2038/454 2807/2349/454 2514/2348/454 2266/2049/454
f 2511/2350/454 2158/2310/454 2352/2329/454 2807/2349/454
f 2588/2024/454 2808/2351/454 2511/2350/454 2263/2037/454
f 2508/2352/454 2157/2288/454 2351/2307/454 2808/2351/454
f 2591/2010/454 2809/2353/454 2508/2352/454 2260/2023/454
f 2505/2354/454 2156/2266/454 2350/2285/454 2809/2353/454
f 2594/1996/454 2810/2355/454 2505/2354/454 2257/2009/454
f 2324/1756/454 2138/2244/454 2349/2263/454 2810/2355/454
f 2418/2336/454 2811/2356/454 2409/2357/454 2201/2207/454
f 2404/2358/454 2154/1982/454 2348/1989/454 2811/2356/454
f 2423/2316/454 2812/2359/454 2404/2358/454 2196/2335/454
f 2399/2360/454 2153/1968/454 2347/1979/454 2812/2359/454
f 2428/2294/454 2813/2361/454 2399/2360/454 2191/2315/454
f 2394/2362/454 2152/1954/454 2346/1965/454 2813/2361/454
f 2433/2272/454 2814/2363/454 2394/2362/454 2186/2293/454
f 2389/2364/454 2151/1940/454 2345/1951/454 2814/2363/454
f 2438/2250/454 2815/2365/454 2389/2364/454 2181/2271/454
f 2327/2366/454 2134/1884/454 2344/1937/454 2815/2365/454
f 2597/1986/454 2816/2367/454 2502/2368/454 2254/1843/454
f 2499/2369/454 2149/2370/454 2343/2371/454 2816/2367/454
f 2600/1974/454 2817/2372/454 2499/2369/454 2251/1985/454
f 2496/2373/454 2148/2374/454 2342/2375/454 2817/2372/454
f 2603/1960/454 2818/2376/454 2496/2373/454 2248/1973/454
f 2493/2377/454 2147/2378/454 2341/2379/454 2818/2376/454
f 2606/1946/454 2819/2380/454 2493/2377/454 2245/1959/454
f 2490/2381/454 2146/2382/454 2340/2383/454 2819/2380/454
f 2609/1932/454 2820/2384/454 2490/2381/454 2242/1945/454
f 2330/1831/454 2131/2385/454 2339/2386/454 2820/2384/454
f 2322/1705/454 2631/1892/454 2220/1729/454
f 2640/1859/454 2206/1818/454 2454/1825/454 2331/2387/454
f 2648/1844/454 2821/2388/454 2329/1702/454 2229/1828/454
f 2502/2368/454 2150/2389/454 2315/2390/454 2821/2388/454
f 2333/1701/454 2241/1803/454 2655/1829/454
f 2443/2229/454 2822/2391/454 2327/2366/454 2175/2249/454
f 2663/1714/454 2208/1867/454 2316/1885/454 2822/2391/454
f 2448/2208/454 2823/2392/454 2326/1716/454 2170/2183/454
f 2409/2357/454 2155/1991/454 2317/1849/454 2823/2392/454
f 2453/2188/454 2824/2393/454 2325/2394/454 2165/2395/454
f 2666/1763/454 2211/1839/454 2318/1827/454 2824/2393/454
f 2669/1795/454 2825/2396/454 2323/1905/454 2223/1911/454
f 2517/2347/454 2160/2345/454 2320/2221/454 2825/2396/454
o FRAME.008
v -0.187500 2.312500 -0.437500
v 0.187500 2.312500 -0.437500
v -0.187500 2.312500 0.437500
v 0.187500 2.312500 0.437500
v -0.437500 2.312500 0.187500
v -0.187500 2.187500 0.187500
v 0.187500 2.187500 0.187500
v 0.437500 2.312500 0.187500
v -0.437500 2.312500 -0.187500
v -0.187500 2.187500 -0.187500
v 0.187500 2.187500 -0.187500
v 0.437500 2.312500 -0.187500
vn 0.1503 0.8843 0.4421
vn 0.2182 0.9512 0.2182
vn -0.2182 0.9512 0.2182
vn -0.1503 0.8843 0.4421
vn -0.4421 0.8843 -0.1503
vn -0.4421 0.8843 0.1503
vn -0.2182 0.9512 -0.2182
vn 0.2182 0.9512 -0.2182
vn 0.4421 0.8843 0.1503
vn 0.4421 0.8843 -0.1503
vn -0.1503 0.8843 -0.4421
vn 0.1503 0.8843 -0.4421
vt 0.031250 0.109375
vt 0.031250 0.078125
vt 0.078125 0.078125
vt 0.078125 0.109375
vt 0.109375 0.031250
vt 0.109375 0.078125
vt 0.078125 0.031250
vt 0.031250 0.031250
vt 0.000000 0.078125
vt 0.000000 0.031250
vt 0.078125 0.000000
vt 0.031250 0.000000
s 1
usemtl Base
f 2826/2397/455 2835/2398/456 2836/2399/457 2827/2400/458
f 2833/2401/459 2837/2402/460 2836/2399/457 2832/2403/461
f 2835/2398/456 2831/2404/462 2832/2403/461 2836/2399/457
f 2831/2404/462 2835/2398/456 2834/2405/463 2830/2406/464
f 2832/2403/461 2829/2407/465 2833/2401/459
f 2831/2404/462 2828/2408/466 2829/2407/465 2832/2403/461
f 2831/2404/462 2830/2406/464 2828/2408/466
f 2826/2397/455 2834/2405/463 2835/2398/456
f 2827/2400/458 2836/2399/457 2837/2402/460
o fan
v -0.007285 2.250000 0.318605
v 0.115815 2.250000 0.296899
v -0.318605 2.250000 -0.007285
v -0.296899 2.250000 0.115816
v 0.296899 2.250000 -0.115816
v 0.318605 2.250000 0.007285
v -0.115816 2.250000 -0.296899
v 0.007285 2.250000 -0.318605
v -0.228064 2.250000 -0.213643
v 0.141239 2.250000 -0.278761
v -0.278761 2.250000 -0.141239
v -0.213643 2.250000 0.228064
v -0.141239 2.250000 0.278761
v 0.228063 2.250000 0.213643
v 0.213643 2.250000 -0.228063
v 0.278761 2.250000 0.141239
v 0.112248 2.250000 -0.083256
v -0.133954 2.250000 -0.039844
v 0.133954 2.250000 0.039845
v -0.112248 2.250000 0.083257
v -0.083257 2.250000 -0.112248
v 0.039844 2.250000 -0.133954
v -0.039844 2.250000 0.133954
v 0.083256 2.250000 0.112248
vn -0.0000 1.0000 -0.0000
vt 0.203125 0.078125
vt 0.195312 0.085937
vt 0.179688 0.070312
vt 0.187500 0.062500
vt 0.148438 0.023438
vt 0.164062 0.039062
vt 0.156250 0.046875
vt 0.140625 0.031250
vt 0.187500 0.046875
vt 0.210938 0.046875
vt 0.210937 0.062500
vt 0.164062 0.070312
vt 0.156250 0.062500
vt 0.179688 0.039062
vt 0.132812 0.046875
vt 0.132812 0.062500
vt 0.179688 0.093750
vt 0.164062 0.093750
vt 0.195312 0.023438
vt 0.203125 0.031250
vt 0.148438 0.085937
vt 0.140625 0.078125
vt 0.164062 0.015625
vt 0.179688 0.015625
s 1
usemtl Base
f 2852/2409/467 2847/2410/467 2859/2411/467 2854/2412/467
f 2850/2413/467 2860/2414/467 2857/2415/467 2849/2416/467
f 2854/2412/467 2856/2417/467 2843/2418/467 2842/2419/467
f 2858/2420/467 2855/2421/467 2857/2415/467 2860/2414/467 2861/2422/467 2856/2417/467 2854/2412/467 2859/2411/467
f 2841/2423/467 2857/2415/467 2855/2421/467 2840/2424/467
f 2858/2420/467 2859/2411/467 2845/2425/467 2844/2426/467
f 2861/2422/467 2851/2427/467 2853/2428/467 2856/2417/467
f 2846/2429/467 2848/2430/467 2855/2421/467 2858/2420/467
f 2838/2431/467 2839/2432/467 2861/2422/467 2860/2414/467
o EXHAUST_1
v -0.296875 2.393750 -0.546875
v -0.296875 2.425000 -0.546875
v -0.296875 2.393750 -0.578125
v -0.296875 2.425000 -0.578125
v -0.265625 2.393750 -0.546875
v -0.265625 2.425000 -0.546875
v -0.265625 2.393750 -0.578125
v -0.265625 2.425000 -0.578125
vn -0.7071 -0.0000 0.7071
vn -0.5774 0.5774 0.5774
vn -0.5774 0.5774 -0.5774
vn -0.7071 -0.0000 -0.7071
vn 0.5774 0.5774 -0.5774
vn 0.7071 -0.0000 -0.7071
vn 0.5774 0.5774 0.5774
vn 0.7071 -0.0000 0.7071
vt 0.031250 0.968750
s 1
usemtl transparent
f 2862/2433/468 2863/2433/469 2865/2433/470 2864/2433/471
f 2864/2433/471 2865/2433/470 2869/2433/472 2868/2433/473
f 2868/2433/473 2869/2433/472 2867/2433/474 2866/2433/475
f 2866/2433/475 2867/2433/474 2863/2433/469 2862/2433/468
f 2869/2433/472 2865/2433/470 2863/2433/469 2867/2433/474
o EXHAUST_2
v -0.109375 2.393750 -0.546875
v -0.109375 2.425000 -0.546875
v -0.109375 2.393750 -0.578125
v -0.109375 2.425000 -0.578125
v -0.078125 2.393750 -0.546875
v -0.078125 2.425000 -0.546875
v -0.078125 2.393750 -0.578125
v -0.078125 2.425000 -0.578125
vn -0.7071 -0.0000 0.7071
vn -0.5774 0.5774 0.5774
vn -0.5774 0.5774 -0.5774
vn -0.7071 -0.0000 -0.7071
vn 0.5774 0.5774 -0.5774
vn 0.7071 -0.0000 -0.7071
vn 0.5774 0.5774 0.5774
vn 0.7071 -0.0000 0.7071
vt 0.031250 0.968750
s 1
usemtl transparent
f 2870/2434/476 2871/2434/477 2873/2434/478 2872/2434/479
f 2872/2434/479 2873/2434/478 2877/2434/480 2876/2434/481
f 2876/2434/481 2877/2434/480 2875/2434/482 2874/2434/483
f 2874/2434/483 2875/2434/482 2871/2434/477 2870/2434/476
f 2877/2434/480 2873/2434/478 2871/2434/477 2875/2434/482
o EXHAUST_3
v 0.078125 2.393750 -0.546875
v 0.078125 2.425000 -0.546875
v 0.078125 2.393750 -0.578125
v 0.078125 2.425000 -0.578125
v 0.109375 2.393750 -0.546875
v 0.109375 2.425000 -0.546875
v 0.109375 2.393750 -0.578125
v 0.109375 2.425000 -0.578125
vn -0.7071 -0.0000 0.7071
vn -0.5774 0.5774 0.5774
vn -0.5774 0.5774 -0.5774
vn -0.7071 -0.0000 -0.7071
vn 0.5774 0.5774 -0.5774
vn 0.7071 -0.0000 -0.7071
vn 0.5774 0.5774 0.5774
vn 0.7071 -0.0000 0.7071
vt 0.031250 0.968750
s 1
usemtl transparent
f 2878/2435/484 2879/2435/485 2881/2435/486 2880/2435/487
f 2880/2435/487 2881/2435/486 2885/2435/488 2884/2435/489
f 2884/2435/489 2885/2435/488 2883/2435/490 2882/2435/491
f 2882/2435/491 2883/2435/490 2879/2435/485 2878/2435/484
f 2885/2435/488 2881/2435/486 2879/2435/485 2883/2435/490
o EXHAUST_4
v 0.265625 2.393750 -0.546875
v 0.265625 2.425000 -0.546875
v 0.265625 2.393750 -0.578125
v 0.265625 2.425000 -0.578125
v 0.296875 2.393750 -0.546875
v 0.296875 2.425000 -0.546875
v 0.296875 2.393750 -0.578125
v 0.296875 2.425000 -0.578125
vn -0.7071 -0.0000 0.7071
vn -0.5774 0.5774 0.5774
vn -0.5774 0.5774 -0.5774
vn -0.7071 -0.0000 -0.7071
vn 0.5774 0.5774 -0.5774
vn 0.7071 -0.0000 -0.7071
vn 0.5774 0.5774 0.5774
vn 0.7071 -0.0000 0.7071
vt 0.031250 0.968750
s 1
usemtl transparent
f 2886/2436/492 2887/2436/493 2889/2436/494 2888/2436/495
f 2888/2436/495 2889/2436/494 2893/2436/496 2892/2436/497
f 2892/2436/497 2893/2436/496 2891/2436/498 2890/2436/499
f 2890/2436/499 2891/2436/498 2887/2436/493 2886/2436/492
f 2893/2436/496 2889/2436/494 2887/2436/493 2891/2436/498
o EXHAUST_5
v -0.296875 2.393750 0.578125
v -0.296875 2.425000 0.578125
v -0.296875 2.393750 0.546875
v -0.296875 2.425000 0.546875
v -0.265625 2.393750 0.578125
v -0.265625 2.425000 0.578125
v -0.265625 2.393750 0.546875
v -0.265625 2.425000 0.546875
vn -0.7071 -0.0000 0.7071
vn -0.5774 0.5774 0.5774
vn -0.5774 0.5774 -0.5774
vn -0.7071 -0.0000 -0.7071
vn 0.5774 0.5774 -0.5774
vn 0.7071 -0.0000 -0.7071
vn 0.5774 0.5774 0.5774
vn 0.7071 -0.0000 0.7071
vt 0.031250 0.968750
s 1
usemtl transparent
f 2894/2437/500 2895/2437/501 2897/2437/502 2896/2437/503
f 2896/2437/503 2897/2437/502 2901/2437/504 2900/2437/505
f 2900/2437/505 2901/2437/504 2899/2437/506 2898/2437/507
f 2898/2437/507 2899/2437/506 2895/2437/501 2894/2437/500
f 2901/2437/504 2897/2437/502 2895/2437/501 2899/2437/506
o EXHAUST_6
v -0.109375 2.393750 0.578125
v -0.109375 2.425000 0.578125
v -0.109375 2.393750 0.546875
v -0.109375 2.425000 0.546875
v -0.078125 2.393750 0.578125
v -0.078125 2.425000 0.578125
v -0.078125 2.393750 0.546875
v -0.078125 2.425000 0.546875
vn -0.7071 -0.0000 0.7071
vn -0.5774 0.5774 0.5774
vn -0.5774 0.5774 -0.5774
vn -0.7071 -0.0000 -0.7071
vn 0.5774 0.5774 -0.5774
vn 0.7071 -0.0000 -0.7071
vn 0.5774 0.5774 0.5774
vn 0.7071 -0.0000 0.7071
vt 0.031250 0.968750
s 1
usemtl transparent
f 2902/2438/508 2903/2438/509 2905/2438/510 2904/2438/511
f 2904/2438/511 2905/2438/510 2909/2438/512 2908/2438/513
f 2908/2438/513 2909/2438/512 2907/2438/514 2906/2438/515
f 2906/2438/515 2907/2438/514 2903/2438/509 2902/2438/508
f 2909/2438/512 2905/2438/510 2903/2438/509 2907/2438/514
o EXHAUST_7
v 0.078125 2.393750 0.578125
v 0.078125 2.425000 0.578125
v 0.078125 2.393750 0.546875
v 0.078125 2.425000 0.546875
v 0.109375 2.393750 0.578125
v 0.109375 2.425000 0.578125
v 0.109375 2.393750 0.546875
v 0.109375 2.425000 0.546875
vn -0.7071 -0.0000 0.7071
vn -0.5774 0.5774 0.5774
vn -0.5774 0.5774 -0.5774
vn -0.7071 -0.0000 -0.7071
vn 0.5774 0.5774 -0.5774
vn 0.7071 -0.0000 -0.7071
vn 0.5774 0.5774 0.5774
vn 0.7071 -0.0000 0.7071
vt 0.031250 0.968750
s 1
usemtl transparent
f 2910/2439/516 2911/2439/517 2913/2439/518 2912/2439/519
f 2912/2439/519 2913/2439/518 2917/2439/520 2916/2439/521
f 2916/2439/521 2917/2439/520 2915/2439/522 2914/2439/523
f 2914/2439/523 2915/2439/522 2911/2439/517 2910/2439/516
f 2917/2439/520 2913/2439/518 2911/2439/517 2915/2439/522
o EXHAUST_8
v 0.265625 2.393750 0.578125
v 0.265625 2.425000 0.578125
v 0.265625 2.393750 0.546875
v 0.265625 2.425000 0.546875
v 0.296875 2.393750 0.578125
v 0.296875 2.425000 0.578125
v 0.296875 2.393750 0.546875
v 0.296875 2.425000 0.546875
vn -0.7071 -0.0000 0.7071
vn -0.5774 0.5774 0.5774
vn -0.5774 0.5774 -0.5774
vn -0.7071 -0.0000 -0.7071
vn 0.5774 0.5774 -0.5774
vn 0.7071 -0.0000 -0.7071
vn 0.5774 0.5774 0.5774
vn 0.7071 -0.0000 0.7071
vt 0.031250 0.968750
s 1
usemtl transparent
f 2918/2440/524 2919/2440/525 2921/2440/526 2920/2440/527
f 2920/2440/527 2921/2440/526 2925/2440/528 2924/2440/529
f 2924/2440/529 2925/2440/528 2923/2440/530 2922/2440/531
f 2922/2440/531 2923/2440/530 2919/2440/525 2918/2440/524
f 2925/2440/528 2921/2440/526 2919/2440/525 2923/2440/530
o FRAME.009
v -0.312500 2.312500 -0.531250
v -0.312500 2.375000 -0.531250
v -0.312500 2.312500 -0.593750
v -0.312500 2.375000 -0.593750
v -0.250000 2.312500 -0.531250
v -0.250000 2.375000 -0.531250
v -0.250000 2.312500 -0.593750
v -0.250000 2.375000 -0.593750
v -0.125000 2.312500 -0.531250
v -0.125000 2.375000 -0.531250
v -0.125000 2.312500 -0.593750
v -0.125000 2.375000 -0.593750
v -0.062500 2.312500 -0.531250
v -0.062500 2.375000 -0.531250
v -0.062500 2.312500 -0.593750
v -0.062500 2.375000 -0.593750
v 0.062500 2.312500 -0.531250
v 0.062500 2.375000 -0.531250
v 0.062500 2.312500 -0.593750
v 0.062500 2.375000 -0.593750
v 0.125000 2.312500 -0.531250
v 0.125000 2.375000 -0.531250
v 0.125000 2.312500 -0.593750
v 0.125000 2.375000 -0.593750
v 0.250000 2.312500 -0.531250
v 0.250000 2.375000 -0.531250
v 0.250000 2.312500 -0.593750
v 0.250000 2.375000 -0.593750
v 0.312500 2.312500 -0.531250
v 0.312500 2.375000 -0.531250
v 0.312500 2.312500 -0.593750
v 0.312500 2.375000 -0.593750
vn -0.7071 -0.0000 0.7071
vn -0.7071 -0.0000 -0.7071
vn 0.7071 -0.0000 -0.7071
vn 0.7071 -0.0000 0.7071
vn -0.0000 1.0000 -0.0000
vt 0.015625 0.171875
vt 0.015625 0.166016
vt 0.023438 0.166016
vt 0.023438 0.171875
vt 0.031250 0.164062
vt 0.025391 0.164062
vt 0.025391 0.156250
vt 0.031250 0.156250
vt 0.023438 0.148438
vt 0.023438 0.154297
vt 0.015625 0.154297
vt 0.015625 0.148438
vt 0.007812 0.156250
vt 0.013672 0.156250
vt 0.013672 0.164062
vt 0.007812 0.164062
vt 0.025391 0.154297
vt 0.025391 0.166016
vt 0.013672 0.166016
vt 0.013672 0.154297
vt 0.046875 0.171875
vt 0.046875 0.166016
vt 0.054688 0.166016
vt 0.054688 0.171875
vt 0.062500 0.164062
vt 0.056641 0.164062
vt 0.056641 0.156250
vt 0.062500 0.156250
vt 0.054688 0.148438
vt 0.054688 0.154297
vt 0.046875 0.154297
vt 0.046875 0.148438
vt 0.039062 0.156250
vt 0.044922 0.156250
vt 0.044922 0.164062
vt 0.039062 0.164062
vt 0.056641 0.154297
vt 0.056641 0.166016
vt 0.044922 0.166016
vt 0.044922 0.154297
vt 0.078125 0.171875
vt 0.078125 0.166016
vt 0.085938 0.166016
vt 0.085938 0.171875
vt 0.093750 0.164062
vt 0.087891 0.164062
vt 0.087891 0.156250
vt 0.093750 0.156250
vt 0.085938 0.148438
vt 0.085938 0.154297
vt 0.078125 0.154297
vt 0.078125 0.148438
vt 0.070312 0.156250
vt 0.076172 0.156250
vt 0.076172 0.164062
vt 0.070312 0.164062
vt 0.087891 0.154297
vt 0.087891 0.166016
vt 0.076172 0.166016
vt 0.076172 0.154297
vt 0.109375 0.171875
vt 0.109375 0.166016
vt 0.117188 0.166016
vt 0.117188 0.171875
vt 0.125000 0.164062
vt 0.119141 0.164062
vt 0.119141 0.156250
vt 0.125000 0.156250
vt 0.117188 0.148438
vt 0.117188 0.154297
vt 0.109375 0.154297
vt 0.109375 0.148438
vt 0.101562 0.156250
vt 0.107422 0.156250
vt 0.107422 0.164062
vt 0.101562 0.164062
vt 0.119141 0.154297
vt 0.119141 0.166016
vt 0.107422 0.166016
vt 0.107422 0.154297
s 1
usemtl Base
f 2926/2441/532 2927/2442/532 2929/2443/533 2928/2444/533
f 2928/2445/533 2929/2446/533 2933/2447/534 2932/2448/534
f 2932/2449/534 2933/2450/534 2931/2451/535 2930/2452/535
f 2930/2453/535 2931/2454/535 2927/2455/532 2926/2456/532
f 2933/2457/536 2929/2458/536 2927/2459/536 2931/2460/536
f 2934/2461/532 2935/2462/532 2937/2463/533 2936/2464/533
f 2936/2465/533 2937/2466/533 2941/2467/534 2940/2468/534
f 2940/2469/534 2941/2470/534 2939/2471/535 2938/2472/535
f 2938/2473/535 2939/2474/535 2935/2475/532 2934/2476/532
f 2941/2477/536 2937/2478/536 2935/2479/536 2939/2480/536
f 2942/2481/532 2943/2482/532 2945/2483/533 2944/2484/533
f 2944/2485/533 2945/2486/533 2949/2487/534 2948/2488/534
f 2948/2489/534 2949/2490/534 2947/2491/535 2946/2492/535
f 2946/2493/535 2947/2494/535 2943/2495/532 2942/2496/532
f 2949/2497/536 2945/2498/536 2943/2499/536 2947/2500/536
f 2950/2501/532 2951/2502/532 2953/2503/533 2952/2504/533
f 2952/2505/533 2953/2506/533 2957/2507/534 2956/2508/534
f 2956/2509/534 2957/2510/534 2955/2511/535 2954/2512/535
f 2954/2513/535 2955/2514/535 2951/2515/532 2950/2516/532
f 2957/2517/536 2953/2518/536 2951/2519/536 2955/2520/536
o FRAME.010
v -0.312500 2.312500 0.593750
v -0.312500 2.375000 0.593750
v -0.312500 2.312500 0.531250
v -0.312500 2.375000 0.531250
v -0.250000 2.312500 0.593750
v -0.250000 2.375000 0.593750
v -0.250000 2.312500 0.531250
v -0.250000 2.375000 0.531250
v -0.125000 2.312500 0.593750
v -0.125000 2.375000 0.593750
v -0.125000 2.312500 0.531250
v -0.125000 2.375000 0.531250
v -0.062500 2.312500 0.593750
v -0.062500 2.375000 0.593750
v -0.062500 2.312500 0.531250
v -0.062500 2.375000 0.531250
v 0.062500 2.312500 0.593750
v 0.062500 2.375000 0.593750
v 0.062500 2.312500 0.531250
v 0.062500 2.375000 0.531250
v 0.125000 2.312500 0.593750
v 0.125000 2.375000 0.593750
v 0.125000 2.312500 0.531250
v 0.125000 2.375000 0.531250
v 0.250000 2.312500 0.593750
v 0.250000 2.375000 0.593750
v 0.250000 2.312500 0.531250
v 0.250000 2.375000 0.531250
v 0.312500 2.312500 0.593750
v 0.312500 2.375000 0.593750
v 0.312500 2.312500 0.531250
v 0.312500 2.375000 0.531250
vn -0.7071 -0.0000 0.7071
vn -0.7071 -0.0000 -0.7071
vn 0.7071 -0.0000 -0.7071
vn 0.7071 -0.0000 0.7071
vn -0.0000 1.0000 -0.0000
vt 0.015625 0.140625
vt 0.015625 0.134766
vt 0.023438 0.134766
vt 0.023438 0.140625
vt 0.031250 0.132812
vt 0.025391 0.132812
vt 0.025391 0.125000
vt 0.031250 0.125000
vt 0.023438 0.117188
vt 0.023438 0.123047
vt 0.015625 0.123047
vt 0.015625 0.117188
vt 0.007812 0.125000
vt 0.013672 0.125000
vt 0.013672 0.132812
vt 0.007812 0.132812
vt 0.025391 0.123047
vt 0.025391 0.134766
vt 0.013672 0.134766
vt 0.013672 0.123047
vt 0.046875 0.140625
vt 0.046875 0.134766
vt 0.054688 0.134766
vt 0.054688 0.140625
vt 0.062500 0.132812
vt 0.056641 0.132812
vt 0.056641 0.125000
vt 0.062500 0.125000
vt 0.054688 0.117188
vt 0.054688 0.123047
vt 0.046875 0.123047
vt 0.046875 0.117188
vt 0.039062 0.125000
vt 0.044922 0.125000
vt 0.044922 0.132812
vt 0.039062 0.132812
vt 0.056641 0.123047
vt 0.056641 0.134766
vt 0.044922 0.134766
vt 0.044922 0.123047
vt 0.078125 0.140625
vt 0.078125 0.134766
vt 0.085938 0.134766
vt 0.085938 0.140625
vt 0.093750 0.132812
vt 0.087891 0.132812
vt 0.087891 0.125000
vt 0.093750 0.125000
vt 0.085938 0.117188
vt 0.085938 0.123047
vt 0.078125 0.123047
vt 0.078125 0.117188
vt 0.070312 0.125000
vt 0.076172 0.125000
vt 0.076172 0.132812
vt 0.070312 0.132812
vt 0.087891 0.123047
vt 0.087891 0.134766
vt 0.076172 0.134766
vt 0.076172 0.123047
vt 0.109375 0.140625
vt 0.109375 0.134766
vt 0.117188 0.134766
vt 0.117188 0.140625
vt 0.125000 0.132812
vt 0.119141 0.132812
vt 0.119141 0.125000
vt 0.125000 0.125000
vt 0.117188 0.117188
vt 0.117188 0.123047
vt 0.109375 0.123047
vt 0.109375 0.117188
vt 0.101562 0.125000
vt 0.107422 0.125000
vt 0.107422 0.132812
vt 0.101562 0.132812
vt 0.119141 0.123047
vt 0.119141 0.134766
vt 0.107422 0.134766
vt 0.107422 0.123047
s 1
usemtl Base
f 2958/2521/537 2959/2522/537 2961/2523/538 2960/2524/538
f 2960/2525/538 2961/2526/538 2965/2527/539 2964/2528/539
f 2964/2529/539 2965/2530/539 2963/2531/540 2962/2532/540
f 2962/2533/540 2963/2534/540 2959/2535/537 2958/2536/537
f 2965/2537/541 2961/2538/541 2959/2539/541 2963/2540/541
f 2966/2541/537 2967/2542/537 2969/2543/538 2968/2544/538
f 2968/2545/538 2969/2546/538 2973/2547/539 2972/2548/539
f 2972/2549/539 2973/2550/539 2971/2551/540 2970/2552/540
f 2970/2553/540 2971/2554/540 2967/2555/537 2966/2556/537
f 2973/2557/541 2969/2558/541 2967/2559/541 2971/2560/541
f 2974/2561/537 2975/2562/537 2977/2563/538 2976/2564/538
f 2976/2565/538 2977/2566/538 2981/2567/539 2980/2568/539
f 2980/2569/539 2981/2570/539 2979/2571/540 2978/2572/540
f 2978/2573/540 2979/2574/540 2975/2575/537 2974/2576/537
f 2981/2577/541 2977/2578/541 2975/2579/541 2979/2580/541
f 2982/2581/537 2983/2582/537 2985/2583/538 2984/2584/538
f 2984/2585/538 2985/2586/538 2989/2587/539 2988/2588/539
f 2988/2589/539 2989/2590/539 2987/2591/540 2986/2592/540
f 2986/2593/540 2987/2594/540 2983/2595/537 2982/2596/537
f 2989/2597/541 2985/2598/541 2983/2599/541 2987/2600/541
o DOOR_3_NOTOUCH_CONNECTING
v -4.421875 0.831250 0.015625
v -4.421875 0.862500 0.015625
v -4.421875 0.831250 -0.015625
v -4.421875 0.862500 -0.015625
v -4.390625 0.831250 0.015625
v -4.390625 0.862500 0.015625
v -4.390625 0.831250 -0.015625
v -4.390625 0.862500 -0.015625
vn -0.7071 -0.0000 0.7071
vn -0.5774 0.5774 0.5774
vn -0.5774 0.5774 -0.5774
vn -0.7071 -0.0000 -0.7071
vn 0.5774 0.5774 -0.5774
vn 0.7071 -0.0000 -0.7071
vn 0.5774 0.5774 0.5774
vn 0.7071 -0.0000 0.7071
vt 0.031250 0.968750
s 1
usemtl transparent
f 2990/2601/542 2991/2601/543 2993/2601/544 2992/2601/545
f 2992/2601/545 2993/2601/544 2997/2601/546 2996/2601/547
f 2996/2601/547 2997/2601/546 2995/2601/548 2994/2601/549
f 2994/2601/549 2995/2601/548 2991/2601/543 2990/2601/542
f 2997/2601/546 2993/2601/544 2991/2601/543 2995/2601/548
o DOOR_4_NOTOUCH_CONNECTING
v 4.515625 0.831250 0.015625
v 4.515625 0.862500 0.015625
v 4.515625 0.831250 -0.015625
v 4.515625 0.862500 -0.015625
v 4.546875 0.831250 0.015625
v 4.546875 0.862500 0.015625
v 4.546875 0.831250 -0.015625
v 4.546875 0.862500 -0.015625
vn -0.7071 -0.0000 0.7071
vn -0.5774 0.5774 0.5774
vn -0.5774 0.5774 -0.5774
vn -0.7071 -0.0000 -0.7071
vn 0.5774 0.5774 -0.5774
vn 0.7071 -0.0000 -0.7071
vn 0.5774 0.5774 0.5774
vn 0.7071 -0.0000 0.7071
vt 0.031250 0.968750
s 1
usemtl transparent
f 2998/2602/550 2999/2602/551 3001/2602/552 3000/2602/553
f 3000/2602/553 3001/2602/552 3005/2602/554 3004/2602/555
f 3004/2602/555 3005/2602/554 3003/2602/556 3002/2602/557
f 3002/2602/557 3003/2602/556 2999/2602/551 2998/2602/550
f 3005/2602/554 3001/2602/552 2999/2602/551 3003/2602/556
o COUPLER_ENGAGED_FRONT_1_TOGGLE_LABEL_Uncouple
v -4.625000 0.531250 -0.343750
v -4.625000 0.218750 -0.343750
v -4.625000 0.531250 0.343750
v -4.625000 0.218750 0.343750
v -4.500000 0.531250 -0.343750
v -4.500000 0.531250 0.343750
v -4.500000 0.218750 -0.343750
v -4.500000 0.218750 0.343750
v -4.562500 0.218750 -0.343750
v -4.562500 0.531250 -0.343750
v -4.562500 0.218750 0.343750
v -4.562500 0.531250 0.343750
v -4.562500 0.218750 -0.343750
v -4.562500 0.531250 -0.343750
v -4.562500 0.218750 0.343750
v -4.562500 0.531250 0.343750
vn -1.0000 -0.0000 -0.0000
vn -0.0000 -0.0000 1.0000
vn -0.0000 -0.0000 -1.0000
vn -0.0000 1.0000 -0.0000
vn 1.0000 -0.0000 -0.0000
vn -0.0000 -1.0000 -0.0000
vt 0.531250 0.125000
vt 0.875000 0.125000
vt 0.875000 0.312500
vt 0.531250 0.312500
vt 0.968750 0.125000
vt 1.000000 0.125000
vt 1.000000 0.312500
vt 0.968750 0.312500
vt 0.500000 0.125000
vt 0.500000 0.312500
vt 0.875000 0.406250
vt 0.875000 0.437500
vt 0.531250 0.437500
vt 0.531250 0.406250
vt 0.531250 0.031250
vt 0.531250 0.000000
vt 0.875000 -0.000000
vt 0.875000 0.031250
vt 0.906250 0.125000
vt 0.906250 0.312500
vt 0.406250 0.125000
vt 0.437500 0.125000
vt 0.437500 0.312500
vt 0.406250 0.312500
vt 0.875000 0.343750
vt 0.531250 0.343750
vt 0.531250 0.093750
vt 0.875000 0.093750
s 0
usemtl knuckle
f 3007/2603/558 3009/2604/558 3008/2605/558 3006/2606/558
f 3016/2607/559 3013/2608/559 3011/2609/559 3017/2610/559
f 3014/2611/560 3007/2603/560 3006/2606/560 3015/2612/560
f 3017/2613/561 3011/2614/561 3010/2615/561 3019/2616/561
f 3013/2603/562 3012/2604/562 3010/2605/562 3011/2606/562
f 3018/2617/563 3012/2618/563 3013/2619/563 3016/2620/563
f 3009/2604/559 3020/2621/559 3021/2622/559 3008/2605/559
f 3012/2623/560 3018/2624/560 3019/2625/560 3010/2626/560
f 3008/2605/561 3021/2627/561 3015/2628/561 3006/2606/561
f 3007/2603/563 3014/2629/563 3020/2630/563 3009/2604/563
o COUPLED_FRONT_2_HIDE_INVERT
v -5.000000 0.439063 0.078125
v -5.125000 0.439063 0.078125
v -5.000000 0.310938 0.078125
v -5.125000 0.310938 0.078125
v -5.125000 0.439063 -0.046875
v -5.000000 0.439063 -0.046875
v -5.125000 0.310938 -0.046875
v -5.000000 0.310938 -0.046875
v -4.687500 0.437500 0.125000
v -4.687500 0.312500 0.125000
v -4.687500 0.437500 -0.125000
v -4.687500 0.312500 -0.125000
v -4.750000 0.500000 0.125000
v -4.875000 0.500000 0.125000
v -4.750000 0.250000 0.125000
v -4.875000 0.250000 0.125000
v -4.875000 0.500000 -0.125000
v -4.750000 0.500000 -0.125000
v -4.875000 0.250000 -0.125000
v -4.750000 0.250000 -0.125000
v -4.875000 0.500000 0.125000
v -4.937500 0.500000 0.125000
v -4.875000 0.250000 0.125000
v -4.937500 0.250000 0.125000
v -4.937500 0.500000 0.062500
v -4.875000 0.500000 0.062500
v -4.937500 0.250000 0.062500
v -4.875000 0.250000 0.062500
v -4.937500 0.500000 0.187500
v -4.981694 0.500000 0.143306
v -4.937500 0.250000 0.187500
v -4.981694 0.250000 0.143306
v -4.875628 0.500000 0.037240
v -4.831434 0.500000 0.081434
v -4.875628 0.250000 0.037240
v -4.831434 0.250000 0.081434
v -4.641747 0.437500 0.125000
v -4.750000 0.500000 0.125000
v -4.672997 0.383374 0.125000
v -4.781250 0.445874 0.125000
v -4.750000 0.500000 -0.125000
v -4.641747 0.437500 -0.125000
v -4.781250 0.445874 -0.125000
v -4.672997 0.383374 -0.125000
v -4.672997 0.366626 0.125000
v -4.781250 0.304126 0.125000
v -4.641747 0.312500 0.125000
v -4.750000 0.250000 0.125000
v -4.781250 0.304126 -0.125000
v -4.672997 0.366626 -0.125000
v -4.750000 0.250000 -0.125000
v -4.641747 0.312500 -0.125000
v -4.875000 0.437500 0.187500
v -4.937500 0.437500 0.187500
v -4.875000 0.312500 0.187500
v -4.937500 0.312500 0.187500
v -4.937500 0.437500 0.125000
v -4.875000 0.437500 0.125000
v -4.937500 0.312500 0.125000
v -4.875000 0.312500 0.125000
v -4.937500 0.500000 0.187500
v -5.060601 0.500000 0.165794
v -4.937500 0.250000 0.187500
v -5.060601 0.250000 0.165794
v -5.038895 0.500000 0.042693
v -4.915794 0.500000 0.064399
v -5.038895 0.250000 0.042693
v -4.915794 0.250000 0.064399
v -4.875000 0.500000 -0.187500
v -5.062500 0.500000 -0.187500
v -4.875000 0.312500 -0.187500
v -5.062500 0.312500 -0.187500
v -5.062500 0.500000 -0.250000
v -4.875000 0.500000 -0.250000
v -5.062500 0.312500 -0.250000
v -4.875000 0.312500 -0.250000
v -4.892972 0.500000 -0.148399
v -5.076027 0.500000 -0.188982
v -4.892972 0.250000 -0.148399
v -5.076027 0.250000 -0.188982
v -5.062500 0.500000 -0.250000
v -4.879445 0.500000 -0.209418
v -5.062500 0.250000 -0.250000
v -4.879445 0.250000 -0.209418
v -4.835250 0.500000 -0.076835
v -4.923638 0.500000 -0.165223
v -4.835250 0.250000 -0.076835
v -4.923638 0.250000 -0.165223
v -4.879445 0.500000 -0.209418
v -4.791056 0.500000 -0.121029
v -4.879445 0.250000 -0.209418
v -4.791056 0.250000 -0.121029
v -4.699151 0.437500 -0.014929
v -4.933684 0.437500 -0.139632
v -4.699151 0.312500 -0.014929
v -4.933684 0.312500 -0.139632
v -4.875000 0.437500 -0.250000
v -4.640467 0.437500 -0.125297
v -4.875000 0.312500 -0.250000
v -4.640467 0.312500 -0.125297
v -4.633519 0.437500 0.122795
v -4.875000 0.437500 0.187500
v -4.633519 0.312500 0.122795
v -4.875000 0.312500 0.187500
v -4.891176 0.437500 0.127129
v -4.649695 0.437500 0.062425
v -4.891176 0.312500 0.127129
v -4.649695 0.312500 0.062425
v -4.948223 0.437500 0.078125
v -5.036612 0.437500 0.166513
v -4.948223 0.312500 0.078125
v -5.036612 0.312500 0.166513
v -5.125000 0.437500 0.078125
v -5.036612 0.437500 -0.010263
v -5.125000 0.312500 0.078125
v -5.036612 0.312500 -0.010263
v -4.500000 0.312500 0.125000
v -4.500000 0.437500 0.125000
v -4.500000 0.437500 -0.125000
v -4.500000 0.312500 -0.125000
vn -1.0000 -0.0000 -0.0000
vn -0.0000 -0.0000 1.0000
vn 1.0000 -0.0000 -0.0000
vn -0.0000 -0.0000 -1.0000
vn -0.0000 1.0000 -0.0000
vn -0.0000 -1.0000 -0.0000
vn -0.7071 -0.0000 -0.7071
vn -0.7071 -0.0000 0.7071
vn 0.7071 -0.0000 0.7071
vn 0.7071 -0.0000 -0.7071
vn -0.8660 0.5000 -0.0000
vn 0.8660 -0.5000 -0.0000
vn 0.5000 0.8660 -0.0000
vn -0.5000 -0.8660 -0.0000
vn -0.8660 -0.5000 -0.0000
vn 0.8660 0.5000 -0.0000
vn -0.5000 0.8660 -0.0000
vn 0.5000 -0.8660 -0.0000
vn -0.9848 -0.0000 -0.1736
vn -0.1736 -0.0000 0.9848
vn 0.9848 -0.0000 0.1736
vn 0.1736 -0.0000 -0.9848
vn -0.9763 -0.0000 -0.2164
vn -0.2164 -0.0000 0.9763
vn 0.9763 -0.0000 0.2164
vn 0.2164 -0.0000 -0.9763
vn -0.8829 -0.0000 -0.4695
vn -0.4695 -0.0000 0.8829
vn 0.8829 -0.0000 0.4695
vn 0.4695 -0.0000 -0.8829
vn -0.9659 -0.0000 0.2588
vn 0.2588 -0.0000 0.9659
vn 0.9659 -0.0000 -0.2588
vn -0.2588 -0.0000 -0.9659
vt 0.468750 0.937500
vt 0.468750 1.000000
vt 0.531250 1.000000
vt 0.531250 0.937500
vt 0.031250 0.468750
vt 0.031250 0.531250
vt 0.093750 0.531250
vt 0.093750 0.468750
vt 0.531250 0.875000
vt 0.468750 0.875000
vt 0.093750 0.687500
vt 0.093750 0.750000
vt 0.218750 0.750000
vt 0.218750 0.687500
vt 0.250000 0.687500
vt 0.250000 0.750000
vt 0.343750 0.750000
vt 0.343750 0.687500
vt 0.125000 0.968750
vt 0.125000 0.875000
vt 0.000000 0.875000
vt 0.000000 0.968750
vt 0.000000 0.750000
vt 0.125000 0.750000
vt 0.093750 0.562500
vt 0.156250 0.687500
vt 0.156250 0.562500
vt 0.125000 1.000000
vt 0.250000 1.000000
vt 0.250000 0.875000
vt 0.312500 0.781250
vt 0.312500 0.906250
vt 0.375000 0.906250
vt 0.375000 0.781250
vt 0.281250 0.687500
vt 0.281250 0.625000
vt 0.156250 0.625000
vt 0.437500 0.812500
vt 0.437500 0.937500
vt 0.468750 0.812500
vt 0.093750 0.437500
vt 0.125000 0.562500
vt 0.125000 0.437500
vt 0.156250 0.437500
vt 0.343750 0.781250
vt 0.312500 0.750000
vt 0.281250 0.562500
vt 0.343750 0.562500
vt 0.312500 0.875000
vt 0.250000 0.906250
vt 0.375000 0.812500
vt 0.500000 0.812500
vt 0.500000 0.781250
vt 0.468750 0.687500
vt 0.468750 0.718750
vt 0.531250 0.718750
vt 0.531250 0.687500
vt 0.468750 0.656250
vt 0.531250 0.656250
vt 0.343750 0.937500
vt 0.343750 1.000000
vt 0.468750 0.781250
vt 0.343750 0.718750
vt 0.437500 0.562500
vt 0.437500 0.593750
vt 0.562500 0.593750
vt 0.562500 0.562500
vt 0.156250 0.468750
vt 0.156250 0.500000
vt 0.218750 0.500000
vt 0.218750 0.468750
vt 0.562500 0.812500
vt 0.562500 0.781250
vt 0.343750 0.656250
vt 0.218750 0.437500
vt 0.250000 0.500000
vt 0.250000 0.437500
vt 0.281250 0.500000
vt 0.281250 0.437500
vt 0.375000 0.937500
vt 0.343750 0.906250
vt 0.000000 0.531250
vt 0.000000 0.656250
vt 0.062500 0.656250
vt 0.062500 0.531250
vt 0.343750 0.531250
vt 0.406250 0.656250
vt 0.406250 0.531250
vt 0.343750 0.500000
vt 0.093750 0.656250
vt 0.406250 0.437500
vt 0.375000 0.437500
vt 0.375000 0.531250
vt 0.218750 0.875000
vt 0.406250 0.468750
vt 0.406250 0.593750
vt 0.437500 0.468750
vt 0.343750 0.437500
vt 0.218750 0.625000
vt 0.312500 0.500000
vt 0.312500 0.437500
vt 0.437500 0.500000
vt 0.500000 0.562500
vt 0.500000 0.500000
vt 0.531250 0.593750
vt 0.031250 0.406250
vt 0.000000 0.406250
vt 0.531250 0.812500
vt 0.531250 0.781250
vt 0.125000 0.906250
vt 0.000000 1.000000
vt 0.000000 0.906250
s 0
usemtl knuckle
f 3025/2631/564 3023/2632/564 3026/2633/564 3028/2634/564
f 3024/2635/565 3022/2636/565 3023/2637/565 3025/2638/565
f 3029/2634/566 3027/2633/566 3022/2632/566 3024/2631/566
f 3028/2635/567 3026/2636/567 3027/2637/567 3029/2638/567
f 3027/2634/568 3026/2639/568 3023/2640/568 3022/2631/568
f 3028/2634/569 3029/2639/569 3024/2640/569 3025/2631/569
f 3031/2641/564 3030/2642/564 3032/2643/564 3033/2644/564
f 3138/2645/565 3139/2646/565 3030/2647/565 3031/2648/565
f 3140/2649/568 3032/2650/568 3030/2651/568 3139/2652/568
f 3037/2653/564 3035/2651/564 3038/2650/564 3040/2654/564
f 3036/2655/565 3034/2641/565 3035/2656/565 3037/2657/565
f 3041/2650/566 3039/2658/566 3034/2659/566 3036/2660/566
f 3040/2661/567 3038/2662/567 3039/2663/567 3041/2664/567
f 3039/2665/568 3038/2666/568 3035/2667/568 3034/2656/568
f 3040/2666/569 3041/2665/569 3036/2656/569 3037/2667/569
f 3045/2668/564 3043/2669/564 3046/2631/564 3048/2670/564
f 3044/2671/565 3042/2655/565 3043/2672/565 3045/2673/565
f 3049/2671/566 3047/2655/566 3042/2672/566 3044/2673/566
f 3048/2673/567 3046/2672/567 3047/2657/567 3049/2674/567
f 3047/2675/568 3046/2647/568 3043/2676/568 3042/2661/568
f 3048/2647/569 3049/2675/569 3044/2661/569 3045/2676/569
f 3053/2673/570 3051/2672/570 3054/2657/570 3056/2674/570
f 3052/2671/571 3050/2655/571 3051/2672/571 3053/2673/571
f 3057/2677/572 3055/2665/572 3050/2648/572 3052/2678/572
f 3056/2671/573 3054/2655/573 3055/2672/573 3057/2673/573
f 3055/2662/568 3054/2679/568 3051/2660/568 3050/2680/568
f 3056/2662/569 3057/2679/569 3052/2660/569 3053/2680/569
f 3061/2664/574 3059/2681/574 3062/2682/574 3064/2683/574
f 3060/2684/565 3058/2685/565 3059/2686/565 3061/2687/565
f 3065/2664/575 3063/2681/575 3058/2682/575 3060/2683/575
f 3064/2688/567 3062/2684/567 3063/2687/567 3065/2689/567
f 3063/2632/576 3062/2631/576 3059/2690/576 3058/2691/576
f 3064/2685/577 3065/2692/577 3060/2675/577 3061/2693/577
f 3069/2694/578 3067/2695/578 3070/2696/578 3072/2697/578
f 3068/2698/565 3066/2699/565 3067/2700/565 3069/2701/565
f 3073/2694/579 3071/2695/579 3066/2696/579 3068/2697/579
f 3072/2683/567 3070/2682/567 3071/2702/567 3073/2703/567
f 3071/2685/580 3070/2688/580 3067/2704/580 3066/2693/580
f 3072/2632/581 3073/2631/581 3068/2690/581 3069/2691/581
f 3077/2705/564 3075/2700/564 3078/2706/564 3080/2707/564
f 3076/2707/565 3074/2706/565 3075/2708/565 3077/2709/565
f 3081/2705/566 3079/2700/566 3074/2706/566 3076/2707/566
f 3080/2705/567 3078/2700/567 3079/2706/567 3081/2707/567
f 3079/2710/568 3078/2663/568 3075/2711/568 3074/2690/568
f 3080/2663/569 3081/2710/569 3076/2690/569 3077/2711/569
f 3085/2712/582 3083/2713/582 3086/2714/582 3088/2715/582
f 3084/2716/583 3082/2704/583 3083/2717/583 3085/2718/583
f 3089/2668/584 3087/2669/584 3082/2631/584 3084/2670/584
f 3088/2718/585 3086/2717/585 3087/2704/585 3089/2716/585
f 3087/2678/568 3086/2719/568 3083/2708/568 3082/2677/568
f 3088/2719/569 3089/2678/569 3084/2677/569 3085/2708/569
f 3093/2705/564 3091/2700/564 3094/2706/564 3096/2707/564
f 3092/2713/565 3090/2653/565 3091/2642/565 3093/2720/565
f 3097/2705/566 3095/2700/566 3090/2706/566 3092/2707/566
f 3096/2680/567 3094/2659/567 3095/2691/567 3097/2711/567
f 3095/2718/568 3094/2721/568 3091/2722/568 3090/2723/568
f 3096/2718/569 3097/2721/569 3092/2722/569 3093/2723/569
f 3101/2715/586 3099/2714/586 3102/2720/586 3104/2637/586
f 3100/2654/587 3098/2650/587 3099/2724/587 3101/2643/587
f 3105/2725/588 3103/2726/588 3098/2695/588 3100/2727/588
f 3104/2643/589 3102/2724/589 3103/2679/589 3105/2676/589
f 3103/2723/568 3102/2722/568 3099/2728/568 3098/2716/568
f 3104/2723/569 3105/2722/569 3100/2728/569 3101/2716/569
f 3109/2725/570 3107/2726/570 3110/2695/570 3112/2727/570
f 3108/2681/571 3106/2710/571 3107/2669/571 3109/2668/571
f 3113/2725/572 3111/2726/572 3106/2695/572 3108/2727/572
f 3112/2699/573 3110/2667/573 3111/2729/573 3113/2700/573
f 3111/2730/568 3110/2731/568 3107/2709/568 3106/2708/568
f 3112/2730/569 3113/2731/569 3108/2709/569 3109/2708/569
f 3117/2668/590 3115/2669/590 3118/2631/590 3120/2670/590
f 3116/2668/591 3114/2669/591 3115/2631/591 3117/2670/591
f 3121/2732/592 3119/2694/592 3114/2733/592 3116/2734/592
f 3120/2726/593 3118/2717/593 3119/2689/593 3121/2735/593
f 3119/2666/568 3118/2708/568 3115/2700/568 3114/2729/568
f 3120/2708/569 3121/2666/569 3116/2729/569 3117/2700/569
f 3125/2705/594 3123/2700/594 3126/2706/594 3128/2707/594
f 3124/2726/595 3122/2717/595 3123/2689/595 3125/2735/595
f 3129/2705/596 3127/2700/596 3122/2706/596 3124/2707/596
f 3128/2641/597 3126/2642/597 3127/2643/597 3129/2644/597
f 3127/2636/568 3126/2736/568 3123/2737/568 3122/2712/568
f 3128/2636/569 3129/2736/569 3124/2737/569 3125/2712/569
f 3133/2670/571 3131/2640/571 3134/2639/571 3136/2738/571
f 3132/2635/572 3130/2636/572 3131/2637/572 3133/2638/572
f 3137/2738/573 3135/2639/573 3130/2640/573 3132/2670/573
f 3136/2732/570 3134/2694/570 3135/2733/570 3137/2734/570
f 3135/2739/568 3134/2686/568 3131/2685/568 3130/2692/568
f 3136/2739/569 3137/2686/569 3132/2685/569 3133/2692/569
f 3033/2648/567 3032/2647/567 3140/2646/567 3141/2645/567
f 3033/2740/569 3141/2658/569 3138/2741/569 3031/2742/569
o COUPLED_FRONT_1_HIDE
v -5.000000 0.439063 0.078125
v -5.125000 0.439063 0.078125
v -5.000000 0.310938 0.078125
v -5.125000 0.310938 0.078125
v -5.125000 0.439063 -0.046875
v -5.000000 0.439063 -0.046875
v -5.125000 0.310938 -0.046875
v -5.000000 0.310938 -0.046875
v -4.687500 0.437500 0.125000
v -4.687500 0.312500 0.125000
v -4.687500 0.437500 -0.125000
v -4.687500 0.312500 -0.125000
v -4.750000 0.500000 0.125000
v -4.875000 0.500000 0.125000
v -4.750000 0.250000 0.125000
v -4.875000 0.250000 0.125000
v -4.875000 0.500000 -0.125000
v -4.750000 0.500000 -0.125000
v -4.875000 0.250000 -0.125000
v -4.750000 0.250000 -0.125000
v -4.875000 0.500000 0.125000
v -4.937500 0.500000 0.125000
v -4.875000 0.250000 0.125000
v -4.937500 0.250000 0.125000
v -4.937500 0.500000 0.062500
v -4.875000 0.500000 0.062500
v -4.937500 0.250000 0.062500
v -4.875000 0.250000 0.062500
v -4.937500 0.500000 0.187500
v -4.981694 0.500000 0.143306
v -4.937500 0.250000 0.187500
v -4.981694 0.250000 0.143306
v -4.875628 0.500000 0.037240
v -4.831434 0.500000 0.081434
v -4.875628 0.250000 0.037240
v -4.831434 0.250000 0.081434
v -4.641747 0.437500 0.125000
v -4.750000 0.500000 0.125000
v -4.672997 0.383374 0.125000
v -4.781250 0.445874 0.125000
v -4.750000 0.500000 -0.125000
v -4.641747 0.437500 -0.125000
v -4.781250 0.445874 -0.125000
v -4.672997 0.383374 -0.125000
v -4.672997 0.366626 0.125000
v -4.781250 0.304126 0.125000
v -4.641747 0.312500 0.125000
v -4.750000 0.250000 0.125000
v -4.781250 0.304126 -0.125000
v -4.672997 0.366626 -0.125000
v -4.750000 0.250000 -0.125000
v -4.641747 0.312500 -0.125000
v -4.875000 0.437500 0.187500
v -4.937500 0.437500 0.187500
v -4.875000 0.312500 0.187500
v -4.937500 0.312500 0.187500
v -4.937500 0.437500 0.125000
v -4.875000 0.437500 0.125000
v -4.937500 0.312500 0.125000
v -4.875000 0.312500 0.125000
v -4.937500 0.500000 0.187500
v -5.060601 0.500000 0.165794
v -4.937500 0.250000 0.187500
v -5.060601 0.250000 0.165794
v -5.038895 0.500000 0.042693
v -4.915794 0.500000 0.064399
v -5.038895 0.250000 0.042693
v -4.915794 0.250000 0.064399
v -4.875000 0.500000 -0.187500
v -5.062500 0.500000 -0.187500
v -4.875000 0.312500 -0.187500
v -5.062500 0.312500 -0.187500
v -5.062500 0.500000 -0.250000
v -4.875000 0.500000 -0.250000
v -5.062500 0.312500 -0.250000
v -4.875000 0.312500 -0.250000
v -4.892972 0.500000 -0.148399
v -5.076027 0.500000 -0.188982
v -4.892972 0.250000 -0.148399
v -5.076027 0.250000 -0.188982
v -5.062500 0.500000 -0.250000
v -4.879445 0.500000 -0.209418
v -5.062500 0.250000 -0.250000
v -4.879445 0.250000 -0.209418
v -4.835250 0.500000 -0.076835
v -4.923638 0.500000 -0.165223
v -4.835250 0.250000 -0.076835
v -4.923638 0.250000 -0.165223
v -4.879445 0.500000 -0.209418
v -4.791056 0.500000 -0.121029
v -4.879445 0.250000 -0.209418
v -4.791056 0.250000 -0.121029
v -4.699151 0.437500 -0.014929
v -4.933684 0.437500 -0.139632
v -4.699151 0.312500 -0.014929
v -4.933684 0.312500 -0.139632
v -4.875000 0.437500 -0.250000
v -4.640467 0.437500 -0.125297
v -4.875000 0.312500 -0.250000
v -4.640467 0.312500 -0.125297
v -4.633519 0.437500 0.122795
v -4.875000 0.437500 0.187500
v -4.633519 0.312500 0.122795
v -4.875000 0.312500 0.187500
v -4.891176 0.437500 0.127129
v -4.649695 0.437500 0.062425
v -4.891176 0.312500 0.127129
v -4.649695 0.312500 0.062425
v -4.948223 0.437500 0.078125
v -5.036612 0.437500 0.166513
v -4.948223 0.312500 0.078125
v -5.036612 0.312500 0.166513
v -5.125000 0.437500 0.078125
v -5.036612 0.437500 -0.010263
v -5.125000 0.312500 0.078125
v -5.036612 0.312500 -0.010263
v -4.500000 0.312500 0.125000
v -4.500000 0.437500 0.125000
v -4.500000 0.437500 -0.125000
v -4.500000 0.312500 -0.125000
vn -1.0000 -0.0000 -0.0000
vn -0.0000 -0.0000 1.0000
vn 1.0000 -0.0000 -0.0000
vn -0.0000 -0.0000 -1.0000
vn -0.0000 1.0000 -0.0000
vn -0.0000 -1.0000 -0.0000
vn -0.7071 -0.0000 -0.7071
vn -0.7071 -0.0000 0.7071
vn 0.7071 -0.0000 0.7071
vn 0.7071 -0.0000 -0.7071
vn -0.8660 0.5000 -0.0000
vn 0.8660 -0.5000 -0.0000
vn 0.5000 0.8660 -0.0000
vn -0.5000 -0.8660 -0.0000
vn -0.8660 -0.5000 -0.0000
vn 0.8660 0.5000 -0.0000
vn -0.5000 0.8660 -0.0000
vn 0.5000 -0.8660 -0.0000
vn -0.9848 -0.0000 -0.1736
vn -0.1736 -0.0000 0.9848
vn 0.9848 -0.0000 0.1736
vn 0.1736 -0.0000 -0.9848
vn -0.9763 -0.0000 -0.2164
vn -0.2164 -0.0000 0.9763
vn 0.9763 -0.0000 0.2164
vn 0.2164 -0.0000 -0.9763
vn -0.8829 -0.0000 -0.4695
vn -0.4695 -0.0000 0.8829
vn 0.8829 -0.0000 0.4695
vn 0.4695 -0.0000 -0.8829
vn -0.9659 -0.0000 0.2588
vn 0.2588 -0.0000 0.9659
vn 0.9659 -0.0000 -0.2588
vn -0.2588 -0.0000 -0.9659
vt 0.468750 0.937500
vt 0.468750 1.000000
vt 0.531250 1.000000
vt 0.531250 0.937500
vt 0.031250 0.468750
vt 0.031250 0.531250
vt 0.093750 0.531250
vt 0.093750 0.468750
vt 0.531250 0.875000
vt 0.468750 0.875000
vt 0.093750 0.687500
vt 0.093750 0.750000
vt 0.218750 0.750000
vt 0.218750 0.687500
vt 0.250000 0.687500
vt 0.250000 0.750000
vt 0.343750 0.750000
vt 0.343750 0.687500
vt 0.125000 0.968750
vt 0.125000 0.875000
vt 0.000000 0.875000
vt 0.000000 0.968750
vt 0.000000 0.750000
vt 0.125000 0.750000
vt 0.093750 0.562500
vt 0.156250 0.687500
vt 0.156250 0.562500
vt 0.125000 1.000000
vt 0.250000 1.000000
vt 0.250000 0.875000
vt 0.312500 0.781250
vt 0.312500 0.906250
vt 0.375000 0.906250
vt 0.375000 0.781250
vt 0.281250 0.687500
vt 0.281250 0.625000
vt 0.156250 0.625000
vt 0.437500 0.812500
vt 0.437500 0.937500
vt 0.468750 0.812500
vt 0.093750 0.437500
vt 0.125000 0.562500
vt 0.125000 0.437500
vt 0.156250 0.437500
vt 0.343750 0.781250
vt 0.312500 0.750000
vt 0.281250 0.562500
vt 0.343750 0.562500
vt 0.312500 0.875000
vt 0.250000 0.906250
vt 0.375000 0.812500
vt 0.500000 0.812500
vt 0.500000 0.781250
vt 0.468750 0.687500
vt 0.468750 0.718750
vt 0.531250 0.718750
vt 0.531250 0.687500
vt 0.468750 0.656250
vt 0.531250 0.656250
vt 0.343750 0.937500
vt 0.343750 1.000000
vt 0.468750 0.781250
vt 0.343750 0.718750
vt 0.437500 0.562500
vt 0.437500 0.593750
vt 0.562500 0.593750
vt 0.562500 0.562500
vt 0.156250 0.468750
vt 0.156250 0.500000
vt 0.218750 0.500000
vt 0.218750 0.468750
vt 0.562500 0.812500
vt 0.562500 0.781250
vt 0.343750 0.656250
vt 0.218750 0.437500
vt 0.250000 0.500000
vt 0.250000 0.437500
vt 0.281250 0.500000
vt 0.281250 0.437500
vt 0.375000 0.937500
vt 0.343750 0.906250
vt 0.000000 0.531250
vt 0.000000 0.656250
vt 0.062500 0.656250
vt 0.062500 0.531250
vt 0.343750 0.531250
vt 0.406250 0.656250
vt 0.406250 0.531250
vt 0.343750 0.500000
vt 0.093750 0.656250
vt 0.406250 0.437500
vt 0.375000 0.437500
vt 0.375000 0.531250
vt 0.218750 0.875000
vt 0.406250 0.468750
vt 0.406250 0.593750
vt 0.437500 0.468750
vt 0.343750 0.437500
vt 0.218750 0.625000
vt 0.312500 0.500000
vt 0.312500 0.437500
vt 0.437500 0.500000
vt 0.500000 0.562500
vt 0.500000 0.500000
vt 0.531250 0.593750
vt 0.031250 0.406250
vt 0.000000 0.406250
vt 0.531250 0.812500
vt 0.531250 0.781250
vt 0.125000 0.906250
vt 0.000000 1.000000
vt 0.000000 0.906250
s 0
usemtl knuckle
f 3145/2743/598 3143/2744/598 3146/2745/598 3148/2746/598
f 3144/2747/599 3142/2748/599 3143/2749/599 3145/2750/599
f 3149/2746/600 3147/2745/600 3142/2744/600 3144/2743/600
f 3148/2747/601 3146/2748/601 3147/2749/601 3149/2750/601
f 3147/2746/602 3146/2751/602 3143/2752/602 3142/2743/602
f 3148/2746/603 3149/2751/603 3144/2752/603 3145/2743/603
f 3151/2753/598 3150/2754/598 3152/2755/598 3153/2756/598
f 3258/2757/599 3259/2758/599 3150/2759/599 3151/2760/599
f 3260/2761/602 3152/2762/602 3150/2763/602 3259/2764/602
f 3157/2765/598 3155/2763/598 3158/2762/598 3160/2766/598
f 3156/2767/599 3154/2753/599 3155/2768/599 3157/2769/599
f 3161/2762/600 3159/2770/600 3154/2771/600 3156/2772/600
f 3160/2773/601 3158/2774/601 3159/2775/601 3161/2776/601
f 3159/2777/602 3158/2778/602 3155/2779/602 3154/2768/602
f 3160/2778/603 3161/2777/603 3156/2768/603 3157/2779/603
f 3165/2780/598 3163/2781/598 3166/2743/598 3168/2782/598
f 3164/2783/599 3162/2767/599 3163/2784/599 3165/2785/599
f 3169/2783/600 3167/2767/600 3162/2784/600 3164/2785/600
f 3168/2785/601 3166/2784/601 3167/2769/601 3169/2786/601
f 3167/2787/602 3166/2759/602 3163/2788/602 3162/2773/602
f 3168/2759/603 3169/2787/603 3164/2773/603 3165/2788/603
f 3173/2785/604 3171/2784/604 3174/2769/604 3176/2786/604
f 3172/2783/605 3170/2767/605 3171/2784/605 3173/2785/605
f 3177/2789/606 3175/2777/606 3170/2760/606 3172/2790/606
f 3176/2783/607 3174/2767/607 3175/2784/607 3177/2785/607
f 3175/2774/602 3174/2791/602 3171/2772/602 3170/2792/602
f 3176/2774/603 3177/2791/603 3172/2772/603 3173/2792/603
f 3181/2776/608 3179/2793/608 3182/2794/608 3184/2795/608
f 3180/2796/599 3178/2797/599 3179/2798/599 3181/2799/599
f 3185/2776/609 3183/2793/609 3178/2794/609 3180/2795/609
f 3184/2800/601 3182/2796/601 3183/2799/601 3185/2801/601
f 3183/2744/610 3182/2743/610 3179/2802/610 3178/2803/610
f 3184/2797/611 3185/2804/611 3180/2787/611 3181/2805/611
f 3189/2806/612 3187/2807/612 3190/2808/612 3192/2809/612
f 3188/2810/599 3186/2811/599 3187/2812/599 3189/2813/599
f 3193/2806/613 3191/2807/613 3186/2808/613 3188/2809/613
f 3192/2795/601 3190/2794/601 3191/2814/601 3193/2815/601
f 3191/2797/614 3190/2800/614 3187/2816/614 3186/2805/614
f 3192/2744/615 3193/2743/615 3188/2802/615 3189/2803/615
f 3197/2817/598 3195/2812/598 3198/2818/598 3200/2819/598
f 3196/2819/599 3194/2818/599 3195/2820/599 3197/2821/599
f 3201/2817/600 3199/2812/600 3194/2818/600 3196/2819/600
f 3200/2817/601 3198/2812/601 3199/2818/601 3201/2819/601
f 3199/2822/602 3198/2775/602 3195/2823/602 3194/2802/602
f 3200/2775/603 3201/2822/603 3196/2802/603 3197/2823/603
f 3205/2824/616 3203/2825/616 3206/2826/616 3208/2827/616
f 3204/2828/617 3202/2816/617 3203/2829/617 3205/2830/617
f 3209/2780/618 3207/2781/618 3202/2743/618 3204/2782/618
f 3208/2830/619 3206/2829/619 3207/2816/619 3209/2828/619
f 3207/2790/602 3206/2831/602 3203/2820/602 3202/2789/602
f 3208/2831/603 3209/2790/603 3204/2789/603 3205/2820/603
f 3213/2817/598 3211/2812/598 3214/2818/598 3216/2819/598
f 3212/2825/599 3210/2765/599 3211/2754/599 3213/2832/599
f 3217/2817/600 3215/2812/600 3210/2818/600 3212/2819/600
f 3216/2792/601 3214/2771/601 3215/2803/601 3217/2823/601
f 3215/2830/602 3214/2833/602 3211/2834/602 3210/2835/602
f 3216/2830/603 3217/2833/603 3212/2834/603 3213/2835/603
f 3221/2827/620 3219/2826/620 3222/2832/620 3224/2749/620
f 3220/2766/621 3218/2762/621 3219/2836/621 3221/2755/621
f 3225/2837/622 3223/2838/622 3218/2807/622 3220/2839/622
f 3224/2755/623 3222/2836/623 3223/2791/623 3225/2788/623
f 3223/2835/602 3222/2834/602 3219/2840/602 3218/2828/602
f 3224/2835/603 3225/2834/603 3220/2840/603 3221/2828/603
f 3229/2837/604 3227/2838/604 3230/2807/604 3232/2839/604
f 3228/2793/605 3226/2822/605 3227/2781/605 3229/2780/605
f 3233/2837/606 3231/2838/606 3226/2807/606 3228/2839/606
f 3232/2811/607 3230/2779/607 3231/2841/607 3233/2812/607
f 3231/2842/602 3230/2843/602 3227/2821/602 3226/2820/602
f 3232/2842/603 3233/2843/603 3228/2821/603 3229/2820/603
f 3237/2780/624 3235/2781/624 3238/2743/624 3240/2782/624
f 3236/2780/625 3234/2781/625 3235/2743/625 3237/2782/625
f 3241/2844/626 3239/2806/626 3234/2845/626 3236/2846/626
f 3240/2838/627 3238/2829/627 3239/2801/627 3241/2847/627
f 3239/2778/602 3238/2820/602 3235/2812/602 3234/2841/602
f 3240/2820/603 3241/2778/603 3236/2841/603 3237/2812/603
f 3245/2817/628 3243/2812/628 3246/2818/628 3248/2819/628
f 3244/2838/629 3242/2829/629 3243/2801/629 3245/2847/629
f 3249/2817/630 3247/2812/630 3242/2818/630 3244/2819/630
f 3248/2753/631 3246/2754/631 3247/2755/631 3249/2756/631
f 3247/2748/602 3246/2848/602 3243/2849/602 3242/2824/602
f 3248/2748/603 3249/2848/603 3244/2849/603 3245/2824/603
f 3253/2782/605 3251/2752/605 3254/2751/605 3256/2850/605
f 3252/2747/606 3250/2748/606 3251/2749/606 3253/2750/606
f 3257/2850/607 3255/2751/607 3250/2752/607 3252/2782/607
f 3256/2844/604 3254/2806/604 3255/2845/604 3257/2846/604
f 3255/2851/602 3254/2798/602 3251/2797/602 3250/2804/602
f 3256/2851/603 3257/2798/603 3252/2797/603 3253/2804/603
f 3153/2760/601 3152/2759/601 3260/2758/601 3261/2757/601
f 3153/2852/603 3261/2770/603 3258/2853/603 3151/2854/603
